ID,Address,Rooms,Type,Price,Date,Bathroom,Car,Landsize,Age,Lattitude,Longtitude
ID484886706,4/31 Millers Rd,2,u,391000.0,11/02/2017,1.0,1.0,0.0,54.0,-37.8678,144.8384
ID838725947,309/416 Gore St,2,u,790000.0,22/08/2016,1.0,1.0,0.0,19.0,-37.7967,144.9836
ID939083675,9A Comas Rd,3,h,1150000.0,23/09/2017,2.0,2.0,335.0,23.0,-37.97316,145.04041999999995
ID655067319,5 Napier St,4,h,2025000.0,12/08/2017,2.0,2.0,408.0,9.0,-37.98707,145.0609
ID798344598,6 Munro St,3,h,1435000.0,8/04/2017,1.0,1.0,450.0,99.0,-37.7756,144.9148
ID636366535,53 Elwood St,4,h,2830000.0,26/08/2017,2.0,2.0,700.0,89.0,-37.90034,144.99608999999995
ID912308523,4 Barry St,2,h,950000.0,29/07/2017,1.0,0.0,114.0,59.0,-37.78024,144.99289
ID615889993,1/5 Marine Pde,2,u,1100000.0,28/05/2016,1.0,2.0,1458.0,99.0,-37.8695,144.9763
ID442638548,3/15 Mitchell St,2,u,735000.0,6/05/2017,1.0,2.0,173.0,49.0,-37.7586,144.9653
ID220001637,1/1 Nangana Rd,2,u,602000.0,3/06/2017,1.0,1.0,1166.0,18.0,-37.88674,145.07234
ID905347300,24 Dermot St,1,u,505000.0,22/07/2017,1.0,1.0,102.0,19.0,-37.746790000000004,145.01394
ID195905320,101 Holmes Rd,4,h,1120000.0,8/10/2016,1.0,1.0,571.0,104.0,-37.7659,144.9116
ID966615555,58 Herbert St,2,h,950000.0,7/11/2016,1.0,1.0,191.0,99.0,-37.7715,144.9951
ID683205098,49 Liston Av,4,h,866000.0,19/08/2017,2.0,4.0,576.0,79.0,-37.69742,145.01604
ID408997536,13 Orlit Ct,4,h,545000.0,27/05/2017,2.0,2.0,635.0,34.0,-37.64051,145.05743
ID829007185,4/24 Seville St,2,u,771000.0,8/04/2017,1.0,1.0,512.0,109.0,-37.8434,145.0675
ID314129885,63 Denbigh Rd,3,h,1900000.0,22/05/2016,1.0,2.0,328.0,119.0,-37.8559,145.0158
ID904133612,171 Waterdale Rd,3,h,1486000.0,15/10/2016,1.0,2.0,645.0,89.0,-37.7634,145.0439
ID829056936,12 Jessie St,3,h,972000.0,27/05/2017,1.0,2.0,699.0,5.0,-37.71579000000001,144.92231
ID157104203,59 Moore St,2,h,1130000.0,22/08/2016,1.0,2.0,520.0,44.0,-37.7543,144.9717
ID286337620,11 Rebecca Cl,5,h,835500.0,29/07/2017,5.0,4.0,570.0,29.0,-38.03335,145.13212
ID457759399,119 North Rd,4,h,3050000.0,25/02/2017,4.0,2.0,578.0,24.0,-37.8989,145.0008
ID369904865,14/25 Derby St,2,u,588000.0,4/06/2016,1.0,1.0,0.0,37.0,-37.8034,145.0369
ID274159066,23 Fenton Cr,4,h,980000.0,26/08/2017,2.0,2.0,937.0,59.0,-38.15845,145.11141
ID894027084,12 Patterson Av,4,h,1702000.0,16/09/2017,1.0,1.0,762.0,59.0,-37.84162,145.10435
ID166597131,30 Browns Rd,2,u,772500.0,27/06/2016,1.0,2.0,318.0,14.0,-37.9218,145.0563
ID710906473,45 Shorts Rd,3,h,720000.0,26/07/2016,1.0,2.0,499.0,49.0,-37.7236,144.9576
ID778250127,9 Glengarry Av,5,h,1775000.0,16/09/2017,2.0,3.0,791.0,59.0,-37.84352,145.11981
ID410781985,83 Truganini Rd,3,h,1910000.0,25/02/2017,1.0,1.0,720.0,104.0,-37.8922,145.0544
ID322619348,59 Staughton Rd,4,h,1802000.0,28/05/2016,3.0,2.0,394.0,39.0,-37.8523,145.0603
ID735656042,15 Jenolan Wy,4,h,658500.0,23/09/2017,2.0,2.0,444.0,11.0,-37.63534,145.09081
ID596349914,50 Ruby St,3,h,1110000.0,28/05/2016,2.0,2.0,470.0,51.0,-37.7522,144.88299999999995
ID834118814,17 Cityview Rd,5,h,1940000.0,27/05/2017,2.0,1.0,629.0,79.0,-37.79238,145.07841000000005
ID445183848,86 Glencairn Av,5,h,2750000.0,23/09/2017,3.0,3.0,626.0,49.0,-37.92427,145.02003
ID125558498,103 Woodland St,3,h,1550000.0,15/07/2017,1.0,1.0,730.0,39.0,-37.74253,144.91753
ID273026248,434 Dorset Rd,3,h,725000.0,8/07/2017,1.0,2.0,802.0,39.0,-37.810829999999996,145.28791999999999
ID536360984,16 Gavin St,3,h,537000.0,18/03/2017,1.0,2.0,600.0,44.0,-37.6876,144.9095
ID457834959,53 Doyle St,3,h,760000.0,22/04/2017,1.0,1.0,585.0,59.0,-37.7574,144.8574
ID802718259,1 Balfour St,3,h,630000.0,24/06/2017,1.0,2.0,0.0,11.0,-37.69528,145.00523
ID919948585,17/6 Rosamond Rd,2,t,485000.0,8/04/2017,2.0,1.0,0.0,8.0,-37.7883,144.884
ID599784804,40 Spensley St,2,h,1405000.0,17/09/2016,1.0,0.0,219.0,24.0,-37.7882,144.9984
ID842317488,13/52 Moubray St,1,u,442500.0,25/02/2017,1.0,0.0,0.0,49.0,-37.8421,144.9517
ID763319190,199 Buckley St,2,h,665000.0,13/05/2017,1.0,0.0,269.0,119.0,-37.8026,144.8882
ID412638060,3 Raymond Ct,4,t,1100000.0,10/09/2016,3.0,2.0,302.0,47.0,-37.9317,145.0294
ID766421997,374 Montague St,3,h,2115000.0,8/04/2017,2.0,0.0,140.0,131.0,-37.8426,144.9563
ID858402761,47 Mooltan St,2,h,1100000.0,18/06/2016,1.0,1.0,321.0,119.0,-37.7818,144.9374
ID874563339,5 Daours Ct,4,h,932500.0,22/04/2017,2.0,2.0,585.0,69.0,-37.7154,145.0777
ID954259209,3/52 Maud St,2,u,735000.0,23/04/2016,1.0,1.0,1075.0,49.0,-37.7953,145.0712
ID444832902,12 Power St,3,h,1670000.0,22/04/2017,1.0,1.0,534.0,3.0,-37.8114,145.0793
ID541427224,12 Stables La,1,u,370000.0,7/05/2016,1.0,1.0,0.0,49.0,-37.8423,144.997
ID281850882,65B Hotham St,2,h,1320000.0,4/03/2017,2.0,1.0,0.0,119.0,-37.7969,144.9885
ID854425725,7 Centurion Ct,3,h,646000.0,23/09/2017,2.0,2.0,716.0,40.0,-37.64206,145.03703000000004
ID170123782,7/69 Edgar St N,2,u,411000.0,8/10/2016,1.0,1.0,0.0,49.0,-37.85,145.0461
ID863159872,4/178 Power St,2,u,517000.0,14/05/2016,1.0,1.0,0.0,129.0,-37.8261,145.0254
ID622947405,190 Barkly St,4,h,1358000.0,13/08/2016,1.0,1.0,416.0,119.0,-37.7769,144.9661
ID727284070,17 Howe St,3,h,1370000.0,12/11/2016,2.0,2.0,834.0,65.0,-37.8959,145.0736
ID809703018,52a Tucker Rd,2,u,725000.0,29/04/2017,1.0,1.0,0.0,13.0,-37.9296,145.0498
ID334704736,13 Churchill Cl,3,h,1256000.0,3/06/2017,2.0,2.0,335.0,18.0,-37.90423,145.06168
ID575866727,5 Combe Ct,3,h,556000.0,12/08/2017,1.0,1.0,525.0,39.0,-37.64421,145.03773
ID912366313,26 Oxford St,3,h,1622000.0,27/05/2017,2.0,2.0,446.0,20.0,-37.84473,145.09218
ID140621519,49 Wattle Dr,3,h,627500.0,24/09/2016,1.0,1.0,319.0,19.0,-37.7165,145.0759
ID640153289,1/165 Mitchell St,3,h,580000.0,10/12/2016,1.0,2.0,278.0,99.0,-37.7817,144.8685
ID296163115,254 Liberty Pde,4,h,590000.0,22/07/2017,2.0,2.0,409.0,69.0,-37.74033,145.03696000000005
ID952850410,26 Boronia St,2,h,1010000.0,10/09/2016,1.0,1.0,597.0,59.0,-37.9126,145.0776
ID772165053,816/300 Swanston St,1,u,400000.0,13/08/2016,1.0,1.0,0.0,14.0,-37.8106,144.9646
ID912104491,20 Ryan St,2,h,760000.0,27/06/2016,1.0,0.0,130.0,99.0,-37.7988,144.9045
ID579005502,22 Bradshaw St,5,h,715000.0,24/06/2017,2.0,1.0,1424.0,59.0,-38.13442,145.13548
ID760889463,17 Patrick St,2,h,910000.0,23/09/2017,1.0,1.0,718.0,69.0,-37.71389,144.92158999999995
ID261056907,53 Lloyd St,2,h,910000.0,6/05/2017,1.0,2.0,733.0,39.0,-37.7442,145.0528
ID451184168,10 Yeovil Rd,3,h,1765000.0,18/03/2017,1.0,2.0,650.0,19.0,-37.8505,145.0852
ID264882364,7 Stanley St,4,h,3225000.0,27/05/2017,3.0,3.0,803.0,39.0,-37.9146,145.00535
ID544960810,3/18 William St,3,u,835000.0,22/08/2016,2.0,1.0,0.0,109.0,-37.909,145.0005
ID986137241,3/1 Inga St,3,u,740000.0,3/06/2017,1.0,1.0,211.0,15.0,-37.899409999999996,145.11523
ID924867073,3A Austin Tce,3,h,810000.0,11/02/2017,2.0,3.0,177.0,129.0,-37.7609,144.9677
ID982965661,6/7 York St,1,u,360000.0,10/12/2016,1.0,1.0,0.0,54.0,-37.7652,144.9116
ID810349998,216/6 Lisson Gr,2,u,710000.0,28/08/2016,2.0,1.0,0.0,19.0,-37.8264,145.02700000000004
ID288782198,117 Fulton Rd,3,h,905000.0,26/08/2017,2.0,2.0,887.0,29.0,-37.8429,145.14895
ID975041009,1/65 Ashburn Gr,4,t,1250000.0,27/11/2016,2.0,2.0,321.0,12.0,-37.8693,145.08
ID618267646,24 Willis St,3,h,1770000.0,28/08/2016,2.0,1.0,720.0,64.0,-37.7938,145.0838
ID841051647,2/27 Pakington St,2,u,610000.0,25/02/2017,1.0,1.0,745.0,51.0,-37.8024,145.0346
ID161771393,52 Rosemar Cct,4,h,910000.0,3/09/2016,2.0,2.0,626.0,89.0,-37.735,145.0921
ID647284674,2/63 Carlisle St,2,u,465000.0,4/06/2016,1.0,1.0,0.0,59.0,-37.8676,144.9834
ID866474926,21a Station Rd,3,t,935000.0,16/04/2016,2.0,1.0,233.0,17.0,-37.8573,144.8911
ID517252543,110/171 Flemington Rd,2,u,550000.0,7/11/2016,1.0,2.0,0.0,44.0,-37.7955,144.9492
ID508405709,14 Wanbrow Av,5,h,1950000.0,3/09/2017,3.0,2.0,743.0,70.0,-37.80235,145.09311
ID520024512,27/789 Malvern Rd,2,u,380000.0,7/11/2016,1.0,1.0,0.0,61.0,-37.8501,145.0199
ID524792193,5 Nicholsdale Rd,4,h,1400000.0,16/04/2016,0.0,0.0,693.0,84.0,-37.836,145.0914
ID650024686,44 Cruikshank St,2,h,1350000.0,10/09/2016,1.0,1.0,195.0,119.0,-37.8395,144.9462
ID661372688,6/334 Hampton St,2,u,587000.0,3/09/2016,1.0,1.0,0.0,44.0,-37.9419,145.0019
ID357086231,20 Hedderwick St,5,h,3100000.0,3/06/2017,3.0,2.0,616.0,69.0,-37.80004,145.09869
ID908954448,6 Melrose Ct,4,h,1152000.0,9/09/2017,2.0,2.0,734.0,83.0,-37.874320000000004,145.18766000000005
ID179675478,7 Garnet St,3,h,1053000.0,27/06/2016,1.0,1.0,343.0,94.0,-37.7589,144.9529
ID589087573,58 Teddington Rd,3,h,1320000.0,18/06/2016,2.0,2.0,320.0,49.0,-37.9364,145.02100000000004
ID962875117,1/1 Glen Iris Rd,3,t,1300000.0,6/08/2016,2.0,2.0,342.0,59.0,-37.8433,145.0695
ID954291342,23 Finlay St,5,h,2100000.0,10/12/2016,2.0,1.0,237.0,139.0,-37.8436,144.9557
ID627022240,98 Heath St,2,h,1400000.0,25/02/2017,1.0,1.0,168.0,85.0,-37.8346,144.9453
ID855355006,2/6 Farnsworth St,2,h,435000.0,30/07/2016,1.0,1.0,155.0,79.0,-37.7796,144.8384
ID666845939,54 Alamein Rd,2,h,580000.0,15/07/2017,1.0,2.0,498.0,64.0,-37.737590000000004,145.04236
ID901613767,28 Nyah St,3,t,777000.0,22/07/2017,2.0,1.0,300.0,69.0,-37.73421,144.86831999999995
ID913617782,98 Crookston Rd,3,h,906000.0,3/09/2017,1.0,2.0,741.0,69.0,-37.709309999999995,145.01434
ID256409352,27 Hurtle St,3,h,1500000.0,3/06/2017,3.0,1.0,382.0,11.0,-37.772059999999996,144.90397
ID661518618,76 Manning Rd,4,h,2400000.0,27/05/2017,2.0,0.0,589.0,39.0,-37.873909999999995,145.05562
ID799921070,65 Government Rd,3,h,551200.0,1/07/2017,1.0,2.0,1007.0,49.0,-37.86387,145.31762
ID432240906,154 Grandview Gr,4,h,1380000.0,8/04/2017,2.0,2.0,607.0,119.0,-37.7334,145.0631
ID424646869,1/6 Blackburn St,2,h,1250000.0,20/05/2017,2.0,1.0,323.0,39.0,-37.823,145.0993
ID968456099,21 Bayswater Rd,2,h,1005000.0,12/11/2016,1.0,0.0,274.0,7.0,-37.7931,144.9247
ID360728254,71 Hamilton Rd,5,h,1355000.0,23/09/2017,3.0,5.0,44500.0,74.0,-37.453920000000004,144.58864
ID165427882,1/249 Lower Plenty Rd,3,h,720000.0,13/08/2016,1.0,2.0,604.0,109.0,-37.7377,145.0737
ID929060738,16 Achilles St,3,h,1375000.0,23/04/2016,1.0,1.0,368.0,59.0,-37.7344,145.04399999999995
ID651893085,29 Westgarth St,4,h,1700000.0,7/05/2016,2.0,1.0,415.0,119.0,-37.7807,144.9948
ID736655611,5 Timothy Ct,5,h,2300000.0,12/08/2017,3.0,3.0,4001.0,24.0,-37.74508,145.15341
ID439904988,34 Woodland St,3,h,1194000.0,11/02/2017,1.0,2.0,650.0,89.0,-37.7436,144.9308
ID321534356,1/4 Hill St,2,u,665000.0,23/04/2016,1.0,3.0,0.0,54.0,-37.8183,145.0194
ID603440998,3/104 Regent St,2,u,512000.0,11/03/2017,1.0,1.0,145.0,99.0,-37.7293,144.9931
ID847762010,641 Inkerman Rd,2,h,1417500.0,27/05/2017,1.0,2.0,307.0,119.0,-37.86906,145.01986000000005
ID915143115,5/6 MacPherson St,2,u,348000.0,1/07/2017,1.0,0.0,156.0,25.0,-37.987120000000004,145.22262
ID492284581,295 Greenwood Dr,3,h,860500.0,24/09/2016,2.0,0.0,767.0,59.0,-37.7084,145.0788
ID664268838,93 Hotham St,2,h,1430000.0,4/03/2017,1.0,0.0,231.0,119.0,-37.7969,144.9905
ID445641753,22 The Grand,4,h,1510500.0,27/05/2017,2.0,4.0,251.0,79.0,-37.7839,144.89431000000005
ID567522384,5D MacKie Rd,3,t,950000.0,17/06/2017,2.0,2.0,163.0,61.0,-37.9217,145.0733
ID764197684,2/50 Jackson St,3,u,700000.0,18/06/2016,1.0,1.0,202.0,43.0,-37.7389,144.887
ID371895544,26 Railway Rd,4,h,1667000.0,20/05/2017,2.0,2.0,615.0,99.0,-37.8928,145.0531
ID687265915,2/5 Mines Rd,2,u,609000.0,27/05/2017,1.0,2.0,190.0,49.0,-37.80551,145.24589
ID847139307,4 Erica St,2,h,1350000.0,27/11/2016,1.0,2.0,181.0,49.0,-37.8549,145.0006
ID498392655,48/48 Eucalyptus Dr,2,u,349000.0,16/04/2016,1.0,1.0,0.0,8.0,-37.7795,144.8729
ID393479280,19/47 Rockley Rd,2,u,500000.0,22/08/2016,1.0,1.0,0.0,39.0,-37.835,145.0002
ID449462391,76 Newry St,2,h,1116000.0,3/09/2016,1.0,0.0,152.0,109.0,-37.791,144.9809
ID621176096,98 Epsom Rd,3,h,971000.0,4/06/2016,2.0,2.0,285.0,119.0,-37.775,144.9091
ID592974967,3A Cudgewa Pl,3,t,770000.0,3/12/2016,2.0,1.0,331.0,9.0,-37.7325,144.8621
ID504350825,91 Market Rd,3,h,472000.0,3/06/2017,1.0,0.0,700.0,69.0,-37.89363,144.65693000000005
ID211544436,5a Garden St,3,t,1790000.0,17/09/2016,2.0,2.0,0.0,54.0,-37.8356,145.0519
ID660965952,7 Thames St,3,h,1100000.0,25/02/2017,1.0,0.0,613.0,94.0,-37.7532,145.0554
ID442396756,32 Ayr St,4,h,800000.0,22/04/2017,1.0,4.0,605.0,39.0,-37.7051,145.0331
ID869320575,67 Union Rd,4,h,900000.0,22/07/2017,2.0,6.0,2026.0,17.0,-38.15575,145.19516000000004
ID252148673,38 Trafford Rd,4,h,525000.0,27/05/2017,2.0,2.0,550.0,9.0,-38.08981,145.17353
ID548080403,24/62 Wellington St,1,u,451000.0,3/06/2017,1.0,1.0,0.0,10.0,-37.85705,144.98699
ID563011236,50b Clyde St,3,h,1250000.0,24/09/2016,2.0,3.0,297.0,6.0,-37.7617,145.0117
ID367313378,41 Burgundy Dr,3,h,1180000.0,15/10/2016,1.0,2.0,657.0,59.0,-37.7807,145.1193
ID777930076,1 Gordon Ct,3,h,737000.0,8/10/2016,1.0,4.0,640.0,69.0,-37.6986,144.9243
ID908100497,33 Disraeli St,3,h,1440000.0,27/11/2016,1.0,1.0,298.0,119.0,-37.8021,145.0391
ID684017785,14/181 Power St,2,u,525000.0,17/06/2017,1.0,1.0,0.0,49.0,-37.827,145.02563
ID411321725,423 Burke Rd,3,h,1660000.0,10/09/2016,1.0,2.0,297.0,89.0,-37.847,145.0535
ID460630192,76 Powell St,3,h,857700.0,3/06/2017,1.0,1.0,325.0,89.0,-37.72589,144.99681
ID337102887,163 Highbury Rd,3,h,1151000.0,4/02/2016,1.0,1.0,695.0,19.0,-37.8551,145.1121
ID816543981,2/21 Gisborne St,2,h,1160000.0,12/11/2016,2.0,2.0,155.0,8.0,-37.8887,145.0046
ID245604138,4/21 Main St,3,t,755000.0,27/05/2017,1.0,2.0,234.0,26.0,-37.7254,144.92048
ID889034498,2/2 Clifton Rd,2,u,840000.0,18/03/2017,1.0,1.0,150.0,50.0,-37.844,145.0496
ID566655088,51 Rowland St,2,h,4800000.0,3/09/2016,2.0,1.0,697.0,29.0,-37.812,145.0547
ID723984505,1/2 Flowerdale Rd,3,u,957000.0,24/06/2017,2.0,2.0,254.0,25.0,-37.94313,145.03501
ID703667050,312 Glenferrie Rd,4,h,4700000.0,14/05/2016,3.0,2.0,879.0,24.0,-37.8527,145.0301
ID307984854,3 Sansom St,4,h,521000.0,1/07/2017,2.0,2.0,978.0,39.0,-37.49642,144.60119
ID748598539,7 Dalton Pl,3,h,680000.0,3/09/2017,1.0,2.0,300.0,59.0,-37.68416,144.8895
ID880310786,5 Wavell St,3,h,1400000.0,15/10/2016,2.0,1.0,643.0,79.0,-37.8285,145.1272
ID250252142,13/209 Hotham St,2,u,520000.0,28/05/2016,1.0,1.0,0.0,48.0,-37.8788,144.9974
ID119323845,8 Gordon Pde,3,h,990000.0,6/05/2017,1.0,2.0,340.0,79.0,-37.8227,144.8827
ID448133156,17 Minogue St,5,h,2100000.0,18/06/2016,3.0,2.0,695.0,69.0,-37.7904,145.0548
ID538477262,3 Oshannassy St,3,h,1580000.0,4/06/2016,2.0,2.0,758.0,44.0,-37.7401,144.9013
ID327006178,15 Bradley St,3,h,1185000.0,19/11/2016,1.0,2.0,771.0,99.0,-37.8439,144.8715
ID516304197,2A Council St,2,h,880000.0,18/03/2017,1.0,0.0,100.0,24.0,-37.7923,144.9858
ID818922940,15 Ormond St,4,h,1675000.0,7/05/2016,2.0,2.0,279.0,17.0,-37.797,144.9303
ID590220094,46 Cobden St,3,h,1390000.0,22/05/2016,2.0,1.0,138.0,21.0,-37.8351,144.9675
ID432889771,6 Wooded Wy,3,h,1301000.0,15/07/2017,2.0,2.0,636.0,39.0,-37.72198,145.12581
ID181607709,19 Newry St,3,h,1320000.0,28/05/2016,1.0,0.0,365.0,5.0,-37.8554,145.0001
ID558349604,3/25 Thomas St,2,u,692500.0,3/09/2017,1.0,1.0,145.0,49.0,-37.84197,145.09374
ID878060592,3/7 Violet St,2,u,390000.0,18/06/2016,1.0,1.0,0.0,49.0,-37.7554,144.9127
ID713351238,33 McCarron Pde,4,h,1635000.0,15/10/2016,1.0,2.0,638.0,119.0,-37.7523,144.9052
ID248166837,271 Scoresby Rd,5,h,2020000.0,3/06/2017,3.0,0.0,2735.0,44.0,-37.86625,145.26317
ID602338798,54 Sutton St,3,h,1818000.0,15/10/2016,1.0,1.0,722.0,89.0,-37.7956,145.0829
ID644874425,39 Thoresby Gr,4,h,3020000.0,8/04/2017,2.0,1.0,1250.0,109.0,-37.7639,145.0506
ID161014057,33 Brickwood St,3,h,2575000.0,8/04/2017,2.0,2.0,517.0,99.0,-37.894,144.9977
ID986322319,194 Dawson St,3,h,1186000.0,16/07/2016,1.0,3.0,608.0,109.0,-37.7694,144.9448
ID527216407,16 Fawkner Rd,3,h,1305000.0,7/11/2016,1.0,1.0,735.0,19.0,-37.7282,144.9304
ID176596752,54 Marshall Rd,3,h,720000.0,6/08/2016,1.0,1.0,620.0,8.0,-37.7173,144.8872
ID211712775,33 View St,4,h,638000.0,30/07/2016,2.0,1.0,624.0,14.0,-37.6969,144.9334
ID965344014,5/243 Dandenong Rd,2,u,555000.0,28/08/2016,1.0,1.0,0.0,29.0,-37.8585,145.0004
ID553249019,19 Shands La,2,t,841000.0,4/03/2017,1.0,1.0,215.0,19.0,-37.7953,144.9437
ID204538995,23/4 Wests Rd,3,h,456000.0,18/03/2017,2.0,2.0,4977.0,14.0,-37.7737,144.8816
ID894852260,107 McIntosh Rd,3,h,700000.0,27/11/2016,1.0,1.0,557.0,59.0,-37.8441,144.8505
ID993778429,28 The Avenue,4,h,2550000.0,27/05/2017,2.0,2.0,726.0,94.0,-37.931670000000004,145.00134
ID866025110,60 Carrington Cr,3,h,578000.0,16/09/2017,2.0,2.0,673.0,14.0,-38.1046,145.19339
ID124411731,18 Mervin St,2,h,1410000.0,3/09/2016,1.0,2.0,768.0,51.0,-37.9305,145.0547
ID118294332,1/265 Queen St,3,t,800000.0,8/10/2016,2.0,2.0,280.0,22.0,-37.8734,144.8143
ID293362294,118/862 Glenferrie Rd,2,u,610000.0,4/03/2017,2.0,1.0,85.0,5.0,-37.8154,145.0369
ID467429882,13 Robinson St,5,h,1700000.0,4/06/2016,2.0,1.0,994.0,84.0,-37.9187,145.0187
ID428512651,201/152 Peel St,2,u,560000.0,29/07/2017,1.0,1.0,0.0,7.0,-37.85581,144.99025
ID726621377,23A Wentworth Dr,3,t,502000.0,22/07/2017,2.0,2.0,198.0,15.0,-37.695029999999996,144.77868999999995
ID368746630,12 Newstead St,4,h,1900000.0,17/09/2016,3.0,8.0,865.0,6.0,-37.7682,144.8971
ID347297059,24 Rosser St,2,h,740000.0,3/06/2017,1.0,0.0,0.0,119.0,-37.76733,144.96079
ID192874255,14 Suffolk St,3,h,935000.0,15/10/2016,1.0,2.0,485.0,12.0,-37.7905,144.8812
ID131958111,41 Johnson St,2,h,1340000.0,28/08/2016,1.0,1.0,297.0,109.0,-37.7627,144.9986
ID692461685,139 Cruikshank St,3,t,1565000.0,16/04/2016,1.0,2.0,188.0,129.0,-37.8371,144.9478
ID925430819,121 Vine St,2,h,1302500.0,13/05/2017,1.0,2.0,455.0,89.0,-37.7692,144.9353
ID330028956,19 Davey Rd,3,h,1160000.0,27/05/2017,2.0,1.0,1125.0,64.0,-37.71541,145.11666
ID255846662,1/17 Albion St,2,h,981000.0,25/02/2017,1.0,0.0,159.0,89.0,-37.874,144.9933
ID263820196,2/641 Toorak Rd,2,u,682000.0,3/06/2017,1.0,1.0,713.0,44.0,-37.84301,145.02641
ID630253978,5/305 Riversdale Rd,2,u,500000.0,27/05/2017,1.0,1.0,1324.0,49.0,-37.83012,145.04751000000005
ID652364205,17 Fern St,3,h,480000.0,16/04/2016,1.0,2.0,696.0,59.0,-37.7836,144.7988
ID804661143,52 Paloma St,4,h,1330000.0,17/06/2017,2.0,2.0,566.0,69.0,-37.91503,145.07997
ID443826536,4/4 Crefden St,2,u,335000.0,11/02/2017,1.0,1.0,0.0,10.0,-37.7776,144.8723
ID200319972,1 Dewrang St,3,h,1010000.0,27/05/2017,1.0,2.0,532.0,49.0,-37.95746,145.06706
ID326023481,174 Beaconsfield Pde,4,h,1310000.0,27/06/2016,2.0,1.0,355.0,7.0,-37.7636,144.9872
ID230800313,5 Saunders St,4,h,1150000.0,28/05/2016,1.0,2.0,633.0,29.0,-37.7531,144.9504
ID980044862,1/180 Queens Pde,2,t,1054000.0,10/09/2016,2.0,1.0,0.0,119.0,-37.7903,144.9859
ID396835586,679 Hampton St,3,h,1385000.0,17/09/2016,1.0,2.0,426.0,84.0,-37.9254,145.0045
ID300437091,3/27 Harold St,2,u,430000.0,6/08/2016,1.0,1.0,164.0,9.0,-37.7072,144.9252
ID470551265,10/1401 High Street Rd,3,u,570000.0,8/07/2017,1.0,1.0,190.0,19.0,-37.87638,145.2313
ID715807764,87 Frawley Rd,3,h,1300000.0,8/07/2017,2.0,2.0,1801.0,14.0,-38.00128,145.27213
ID568037103,33 Somerville St,4,h,1316000.0,7/11/2016,2.0,2.0,716.0,54.0,-37.778,145.1173
ID544947482,7/5 Alfriston St,2,u,680000.0,27/11/2016,1.0,1.0,0.0,59.0,-37.8753,144.9902
ID679709043,28 Grandview Gr,3,h,1321000.0,8/04/2017,1.0,2.0,688.0,63.0,-37.9432,145.0462
ID170877352,5 Noone St,2,h,980000.0,16/09/2017,1.0,1.0,189.0,64.0,-37.79335,144.98911
ID619068203,25 Faversham Rd,4,h,2510000.0,13/05/2017,3.0,2.0,789.0,99.0,-37.8214,145.0843
ID383860571,1/26 Tucker St,3,t,492000.0,28/08/2016,1.0,1.0,208.0,8.0,-37.7092,144.9695
ID775587329,45 Albert St,2,h,769000.0,18/06/2016,1.0,1.0,265.0,49.0,-37.853,144.8928
ID745781207,25 Sydney St,4,h,816000.0,10/09/2016,1.0,2.0,837.0,89.0,-37.7825,144.8221
ID281198239,4 Major St,4,h,1300000.0,24/06/2017,2.0,2.0,604.0,19.0,-37.947829999999996,145.03983
ID955059740,14/18 Lennon St,1,u,352500.0,8/10/2016,1.0,1.0,0.0,129.0,-37.7864,144.9409
ID112591822,2/277 Warrigal Rd,2,t,700000.0,27/05/2017,1.0,1.0,148.0,69.0,-37.847429999999996,145.09656999999999
ID224752942,8 Hamer St,2,h,1265000.0,16/09/2017,1.0,3.0,439.0,2.0,-37.76766,144.97638
ID524358221,32 Princes St,3,h,1300000.0,22/04/2017,1.0,0.0,223.0,79.0,-37.7927,144.9745
ID115912558,23a The Boulevard,5,h,2200000.0,12/06/2016,3.0,2.0,900.0,64.0,-37.7868,145.0677
ID889199353,4/18 Gourock St,2,t,420000.0,26/07/2016,1.0,2.0,153.0,16.0,-37.702,145.0324
ID644230806,3 Short St,3,h,1260000.0,30/07/2016,1.0,1.0,345.0,79.0,-37.8904,145.0729
ID815967093,4 Weir St,5,h,3200500.0,27/05/2017,2.0,2.0,842.0,24.0,-37.80469,145.05213
ID962031287,50 Farmer St,3,h,1200000.0,9/09/2017,1.0,1.0,151.0,129.0,-37.8264,145.00935
ID609346489,296 Gooch St,2,h,740000.0,14/05/2016,1.0,2.0,467.0,61.0,-37.7606,145.0241
ID666477483,75 Orange St,3,h,1140000.0,18/06/2016,1.0,3.0,701.0,39.0,-37.9178,145.0815
ID258256359,3 Kendall St,4,h,1600000.0,3/12/2016,2.0,2.0,607.0,8.0,-37.9324,145.0235
ID336808158,111 Gower St,3,h,637000.0,4/03/2017,1.0,2.0,327.0,69.0,-37.7423,145.0194
ID213024073,3/127 Dendy St,2,u,692000.0,26/07/2016,1.0,1.0,74.0,59.0,-37.9207,145.0079
ID348457429,10 Whyte St,4,h,2385000.0,27/05/2017,3.0,2.0,373.0,39.0,-37.92465,144.9992
ID448595318,4/24 Highbury Gr,2,u,525000.0,14/05/2016,1.0,1.0,0.0,49.0,-37.8054,145.0373
ID768375725,33 Edwardes St,3,h,810000.0,25/02/2017,2.0,3.0,486.0,5.0,-37.7164,145.0048
ID679627534,11 Henry St,2,h,677000.0,27/11/2016,1.0,0.0,67.0,169.0,-37.7969,144.9759
ID229739885,4 Almands Av,3,h,510000.0,22/07/2017,2.0,2.0,523.0,19.0,-37.63528,144.93117
ID496529703,326 Barkly St,3,h,1435000.0,3/06/2017,2.0,0.0,251.0,129.0,-37.77588,144.95736000000005
ID689584643,22 Cullen St,2,h,782500.0,19/08/2017,1.0,1.0,243.0,19.0,-37.82859000000001,144.87947
ID842932891,130 Essex St,3,h,960000.0,28/08/2016,2.0,2.0,501.0,59.0,-37.7258,144.9347
ID134147762,2/5 Parkhill Dr,3,u,890000.0,20/05/2017,2.0,2.0,235.0,13.0,-37.8625,145.1083
ID910756414,4/1248 North Rd,4,u,774000.0,8/07/2017,2.0,2.0,0.0,19.0,-37.91121,145.09598
ID225310007,1/7 Sanders Pl,3,t,1582000.0,25/02/2017,3.0,2.0,119.0,14.0,-37.8278,144.9984
ID622846098,15 Ronald Rd,2,h,570000.0,1/07/2017,1.0,1.0,312.0,25.0,-37.807520000000004,145.27212
ID150023639,7 Hilda St,3,h,1150000.0,26/07/2016,1.0,0.0,300.0,119.0,-37.7548,144.9315
ID864710171,1/51 Valkstone St,3,h,1189000.0,17/09/2016,2.0,2.0,337.0,9.0,-37.9144,145.0582
ID602845794,5a Ewart St,3,h,1970000.0,27/06/2016,2.0,1.0,246.0,109.0,-37.871,145.0364
ID578354541,5 Byron Ct,3,h,650000.0,8/07/2017,2.0,2.0,1103.0,43.0,-37.78695,145.32513
ID652858527,30 Moorhouse St,4,h,2990000.0,20/05/2017,2.0,2.0,742.0,22.0,-37.8284,145.0673
ID433889119,4/34 Rochester Rd,2,u,722000.0,12/11/2016,1.0,1.0,0.0,54.0,-37.8205,145.0828
ID509528104,94 Sterling Dr,3,h,570000.0,22/05/2016,1.0,2.0,542.0,49.0,-37.7408,144.8553
ID526494913,27 Judith St,3,h,772000.0,7/05/2016,2.0,3.0,672.0,39.0,-37.7465,144.876
ID440428248,12/238 The Avenue,3,u,1360000.0,3/12/2016,2.0,1.0,0.0,10.0,-37.7818,144.9576
ID536959743,199 Poath Rd,2,h,910500.0,15/10/2016,1.0,2.0,313.0,99.0,-37.898,145.0759
ID964201937,7 Ondine Dr,5,h,1095000.0,29/07/2017,2.0,2.0,629.0,44.0,-37.91636,145.17581
ID797574978,8 Efficient St,3,h,490000.0,8/07/2017,2.0,2.0,375.0,7.0,-37.62157,145.01049
ID688333174,7 Oak Gr,4,h,2410000.0,16/09/2017,3.0,4.0,569.0,59.0,-37.901920000000004,145.00093999999999
ID298406071,1/6 Kirstina Rd,2,u,730000.0,22/07/2017,1.0,1.0,235.0,7.0,-37.89017,145.1652
ID140608833,2/18 Hancock St,2,u,540000.0,3/06/2017,1.0,1.0,132.0,39.0,-37.86444,144.82304
ID775862045,7 Flinders St,2,h,725000.0,10/12/2016,1.0,3.0,577.0,64.0,-37.7368,145.0524
ID332389703,16a Billson St,2,h,980000.0,4/06/2016,1.0,1.0,247.0,79.0,-37.917,145.0137
ID675848159,88 Vincent St,4,h,1260000.0,29/07/2017,2.0,2.0,656.0,59.0,-37.71652,144.91211
ID895804155,18 Papua St,3,h,922000.0,22/05/2016,1.0,2.0,798.0,59.0,-37.7112,145.0869
ID941331504,25 Franleigh Dr,3,h,620000.0,15/07/2017,2.0,2.0,668.0,25.0,-38.00908,145.30264
ID136314167,6/219 Nicholson St,2,u,500000.0,18/06/2016,1.0,1.0,0.0,49.0,-37.8015,144.9972
ID530109538,15 Adamson St,3,h,1515000.0,22/07/2017,1.0,3.0,827.0,69.0,-37.74776,145.06217
ID744425365,10 Wallara Rd,3,h,390000.0,3/06/2017,1.0,2.0,530.0,32.0,-37.901109999999996,144.63302
ID976360895,3/66 Darebin Bvd,2,u,401000.0,10/12/2016,1.0,1.0,184.0,54.0,-37.7043,145.0277
ID742934252,1/94 Railway Pde,4,t,605000.0,6/08/2016,2.0,1.0,215.0,29.0,-37.7247,144.9257
ID221077248,69 Powell St,3,h,900000.0,7/11/2016,2.0,2.0,634.0,15.0,-37.7262,144.997
ID935689308,8 Rowallan Ct,5,h,1890000.0,23/09/2017,2.0,2.0,659.0,44.0,-37.78628,145.1667
ID578306252,14 Lucerne St,3,h,1415000.0,27/06/2016,1.0,1.0,605.0,69.0,-37.8703,145.0774
ID412638060,3 Raymond Ct,4,t,1100000.0,10/09/2016,3.0,2.0,302.0,47.0,-37.9317,145.0294
ID973659682,53 Ryan St,2,h,1170000.0,15/10/2016,1.0,1.0,184.0,119.0,-37.7988,144.90200000000004
ID182309668,17 Birdwood St,1,h,2100000.0,17/06/2017,1.0,1.0,678.0,3.0,-37.80292,145.06423999999996
ID362540951,4/56 John St,1,u,325000.0,13/08/2016,1.0,1.0,0.0,49.0,-37.7873,144.9958
ID618284953,1/10 Scotia St,2,u,675000.0,8/10/2016,1.0,1.0,206.0,104.0,-37.7694,144.9059
ID208806206,2 Vincent St,5,h,3730000.0,3/09/2016,3.0,2.0,919.0,94.0,-37.8637,145.0438
ID528827202,18 Linton St,4,h,1819000.0,3/09/2016,2.0,1.0,244.0,119.0,-37.8668,144.9928
ID340948667,30 Lorgrove Ct,4,h,1600000.0,29/04/2017,3.0,3.0,857.0,59.0,-37.7619,144.866
ID699420779,704/668 Swanston St,2,u,795000.0,10/12/2016,2.0,1.0,0.0,119.0,-37.8009,144.9642
ID439534923,3/37 Brunswick Rd,2,u,665000.0,16/07/2016,1.0,1.0,0.0,79.0,-37.7786,144.9753
ID427473145,4/26 Cornell St,2,h,706000.0,28/08/2016,1.0,1.0,95.0,59.0,-37.8399,145.0912
ID372224024,1 Meldrum St,4,h,1610000.0,12/11/2016,2.0,2.0,763.0,79.0,-37.7916,145.0529
ID798414902,8 Ashmore Av,4,h,1800000.0,12/08/2017,2.0,2.0,656.0,69.0,-38.00119,145.08588999999995
ID384108357,213 Stokes St,3,h,1380000.0,28/05/2016,1.0,0.0,0.0,129.0,-37.8373,144.9397
ID366665949,60 Miller St,2,h,1424000.0,8/04/2017,1.0,1.0,575.0,39.0,-37.8972,145.0524
ID383310438,6/86 Heller St,2,u,537000.0,22/08/2016,1.0,1.0,501.0,59.0,-37.7741,144.9449
ID471124873,48 Matilda Rd,3,h,1110000.0,4/03/2017,1.0,4.0,690.0,69.0,-37.9386,145.0585
ID223609290,21 May St,4,h,1346000.0,8/10/2016,2.0,2.0,559.0,24.0,-37.7614,144.8925
ID426276800,5/25 Clarence St,1,u,373000.0,24/09/2016,1.0,1.0,0.0,54.0,-37.8728,145.0417
ID303678556,122 Nicholson St,4,h,3200000.0,12/08/2017,4.0,0.0,225.0,157.0,-37.80209,144.97443
ID176955575,20 Argo St,3,h,1700000.0,15/10/2016,2.0,2.0,141.0,29.0,-37.844,144.9867
ID200080267,24 Webb St,3,h,870000.0,22/08/2016,1.0,1.0,371.0,39.0,-37.735,144.9558
ID321421536,1/108 Truganini Rd,4,t,1250000.0,8/07/2017,3.0,2.0,326.0,14.0,-37.89334,145.05463
ID655703213,31 Elizabeth St,2,h,820000.0,10/12/2016,1.0,1.0,597.0,59.0,-37.7402,144.9807
ID187165353,4/95 Wilson St,2,u,760000.0,25/02/2017,1.0,2.0,0.0,19.0,-37.914,145.003
ID378325126,54 Mater St,3,h,1300000.0,16/09/2017,1.0,1.0,112.0,59.0,-37.795559999999995,144.98873
ID197062050,18a Iffla St,4,h,1615000.0,22/05/2016,3.0,2.0,577.0,10.0,-37.8357,144.9502
ID979576614,1/26 Harding St,3,t,1100000.0,10/12/2016,2.0,2.0,333.0,79.0,-37.9292,145.0341
ID731289224,104 Ayr St,4,h,1260000.0,23/09/2017,3.0,3.0,730.0,7.0,-37.77871,145.10356000000004
ID973397660,15 Virginia St,3,h,1850000.0,8/07/2017,1.0,1.0,717.0,59.0,-37.87754,145.12076000000005
ID926293089,132 Vere St,3,h,1000000.0,8/04/2017,1.0,0.0,198.0,119.0,-37.8025,144.9939
ID706591552,243 Darebin Rd,2,h,1460000.0,24/06/2017,1.0,2.0,508.0,59.0,-37.764990000000004,145.01723
ID251151899,38 Harding St,4,h,1221000.0,3/12/2016,1.0,2.0,596.0,69.0,-37.7456,144.9696
ID755227709,7 Ambrose St,4,h,1375000.0,3/09/2017,2.0,3.0,652.0,49.0,-37.78145,145.13598000000005
ID667280203,12/66 Riddell Pde,2,u,626000.0,17/09/2016,1.0,1.0,1764.0,89.0,-37.8889,145.0043
ID568347418,48 Bedford St,3,h,872500.0,8/04/2017,1.0,1.0,594.0,69.0,-37.7203,144.8757
ID818922940,15 Ormond St,4,h,1675000.0,7/05/2016,2.0,2.0,279.0,17.0,-37.797,144.9303
ID364559496,49 Tennyson St,3,h,1800000.0,19/08/2017,2.0,1.0,460.0,109.0,-37.872409999999995,145.05103
ID513287204,2/66 Walsh St,2,u,860000.0,3/09/2017,1.0,1.0,644.0,19.0,-37.83652,144.98522
ID934267013,105 Fyffe St,3,h,1110000.0,22/07/2017,1.0,0.0,396.0,89.0,-37.75358,144.98533999999995
ID148617628,3/842 Toorak Rd,2,u,701000.0,28/05/2016,1.0,3.0,166.0,49.0,-37.8456,145.0495
ID803085186,6 Brooke St,3,h,1655000.0,8/10/2016,1.0,3.0,472.0,95.0,-37.7765,145.0027
ID460722345,115 Tooronga Rd,2,h,1020000.0,12/11/2016,1.0,0.0,251.0,109.0,-37.8627,145.0402
ID407038641,55 Alpine Gr,3,h,980000.0,19/08/2017,1.0,1.0,546.0,69.0,-37.72208,144.93714
ID772691710,33A Vine St,3,t,1410000.0,29/04/2017,3.0,2.0,256.0,109.0,-37.7685,144.9294
ID694446967,355 Nepean Hwy,3,h,1290000.0,10/12/2016,1.0,2.0,661.0,99.0,-37.9045,145.0082
ID607663874,24 Brooke St,2,h,2850000.0,18/03/2017,1.0,1.0,1777.0,89.0,-37.7676,145.0597
ID614073021,46 Head St,4,h,2400000.0,13/08/2016,2.0,2.0,640.0,28.0,-37.891999999999996,144.9918
ID955497422,22 Tweedside St,3,h,1460000.0,22/08/2016,2.0,1.0,605.0,99.0,-37.7546,144.9042
ID656226158,144 Marshall Rd,3,h,715000.0,18/03/2017,2.0,2.0,422.0,24.0,-37.7164,144.8792
ID536453160,10/238 The Avenue,3,u,1040000.0,28/08/2016,2.0,1.0,0.0,39.0,-37.7818,144.9576
ID479907625,8 Wicklow St,3,h,767000.0,4/03/2017,1.0,1.0,505.0,69.0,-37.7187,144.9432
ID373945033,8A Tangyes St,3,h,1210000.0,8/07/2017,2.0,1.0,330.0,7.0,-37.72623,144.94521
ID306989975,86 Raglan St,3,h,1100000.0,22/08/2016,1.0,0.0,103.0,13.0,-37.8342,144.9456
ID372575618,20 Hawke St,4,h,1137500.0,27/05/2017,2.0,4.0,641.0,39.0,-37.98464,145.08185
ID960551355,5 Tiuna Gr,3,h,3572000.0,12/11/2016,2.0,6.0,737.0,104.0,-37.8839,144.9831
ID352184008,235 Military Rd,3,h,863000.0,28/08/2016,2.0,3.0,638.0,59.0,-37.7546,144.8585
ID359668553,8 High St,3,h,607500.0,18/06/2016,1.0,2.0,487.0,69.0,-37.7883,144.8439
ID881010388,12/35 Princess St,1,u,331000.0,29/04/2017,1.0,1.0,0.0,49.0,-37.8105,144.8952
ID956739203,302/424 Gore St,1,u,545000.0,12/08/2017,1.0,1.0,1730.0,8.0,-37.79636,144.98394
ID406730570,91 High St,4,h,970000.0,16/04/2016,1.0,1.0,619.0,104.0,-37.839,144.8854
ID651514419,4 Toorang Ct,4,h,435000.0,15/07/2017,2.0,2.0,553.0,14.0,-38.08699,145.48273
ID988961447,350 Princes St,3,h,2100000.0,27/11/2016,2.0,1.0,170.0,29.0,-37.835,144.94299999999996
ID813751206,42 Warburton Rd,3,h,2200000.0,7/05/2016,3.0,2.0,468.0,129.0,-37.8264,145.0741
ID119097240,3/48 William St,2,h,417000.0,27/11/2016,1.0,1.0,172.0,6.0,-37.7074,144.9086
ID330622435,203/964 Mt Alexander Rd,1,u,325000.0,8/04/2017,1.0,1.0,0.0,54.0,-37.7537,144.917
ID133082647,3/8 Alicia St,2,u,500000.0,27/06/2016,1.0,1.0,0.0,49.0,-37.9436,145.0027
ID878208729,61 Willis St,3,h,829000.0,28/05/2016,2.0,2.0,84.0,13.0,-37.7935,144.9187
ID618038033,3 Port St,3,h,1242000.0,12/08/2017,1.0,2.0,700.0,79.0,-37.95384,145.05443
ID391765351,3/413 Gilbert Rd,1,u,305000.0,10/12/2016,1.0,1.0,41.0,64.0,-37.7367,144.9899
ID157558650,24 The Avenue,3,h,850000.0,8/04/2017,2.0,2.0,795.0,64.0,-37.736,144.8771
ID538201749,80 Sycamore St,3,h,1170000.0,8/10/2016,1.0,1.0,359.0,89.0,-37.8898,145.0196
ID355765539,411 Barkly St,2,h,945000.0,30/07/2016,1.0,2.0,246.0,109.0,-37.775,144.9536
ID831976910,11 Somers St,4,h,1450000.0,12/11/2016,1.0,1.0,567.0,14.0,-37.9149,145.0252
ID897786188,101 Denys St,3,h,681000.0,10/12/2016,2.0,4.0,587.0,49.0,-37.6996,144.9605
ID707895537,108/40 Beach St,2,u,1110000.0,29/04/2017,2.0,1.0,0.0,14.0,-37.8427,144.9378
ID200473047,3 England St,4,h,1240000.0,19/08/2017,2.0,2.0,602.0,49.0,-37.76012,145.0854
ID206832520,3/5 Evans St,3,u,880000.0,10/12/2016,2.0,1.0,122.0,19.0,-37.7697,144.9649
ID894852260,107 McIntosh Rd,3,h,700000.0,27/11/2016,1.0,1.0,557.0,59.0,-37.8441,144.8505
ID800405576,4 Sharp Gr,2,h,765000.0,8/10/2016,1.0,2.0,563.0,94.0,-37.723,144.96
ID433532996,18 Montrose St,2,h,1075000.0,4/06/2016,1.0,2.0,695.0,69.0,-37.8694,145.0944
ID340384344,25 Carrol Gr,4,h,1352000.0,17/06/2017,3.0,2.0,708.0,59.0,-37.891870000000004,145.11049
ID551804262,69 Monash St,3,h,560000.0,22/07/2017,1.0,2.0,535.0,49.0,-37.6615,145.02761
ID254410475,13 Kallista Rd,3,h,760000.0,15/07/2017,1.0,1.0,593.0,59.0,-37.95743,145.14625
ID651732047,176 Cardigan St,4,h,1630100.0,14/05/2016,2.0,0.0,132.0,129.0,-37.801,144.9656
ID782850160,52 Park Rd,5,h,2000000.0,24/06/2017,3.0,2.0,735.0,74.0,-37.83583,145.10664
ID705515896,93 Westmoreland Rd,2,h,715000.0,15/10/2016,1.0,2.0,588.0,64.0,-37.7674,144.8362
ID871356273,45 Collinson St,3,h,750000.0,29/07/2017,2.0,2.0,761.0,39.0,-37.72224,144.85738999999995
ID412994299,4 Erica Ct,3,h,1006000.0,12/08/2017,1.0,0.0,758.0,64.0,-37.75315,145.04062
ID913570226,404/9 Florence St,2,u,755000.0,27/05/2017,1.0,0.0,0.0,129.0,-37.76162,144.9608
ID649777985,68 Cornish St,3,h,455000.0,3/06/2017,2.0,2.0,690.0,29.0,-37.57456,144.71548
ID607774966,12/209 Cardigan St,2,u,600000.0,30/07/2016,1.0,1.0,0.0,129.0,-37.8018,144.965
ID591930612,2/60 Woornack Rd,2,u,635000.0,6/05/2017,1.0,1.0,0.0,39.0,-37.8981,145.0619
ID274299255,5/322 Buckley St,2,u,460000.0,14/05/2016,1.0,1.0,0.0,59.0,-37.7545,144.8964
ID571729330,42 Grant St,3,h,1500000.0,8/04/2017,1.0,1.0,230.0,119.0,-37.788000000000004,144.9967
ID639197257,9 Ruby St,5,h,1836000.0,10/09/2016,3.0,4.0,464.0,69.0,-37.9061,145.0329
ID475209870,22 Almay Gr,3,h,1220000.0,6/08/2016,1.0,1.0,858.0,59.0,-37.7504,145.0643
ID373496662,9 Frankston St,3,h,1040000.0,3/06/2017,2.0,1.0,461.0,29.0,-37.72499000000001,145.00038
ID286337620,11 Rebecca Cl,5,h,835500.0,29/07/2017,5.0,4.0,570.0,29.0,-38.03335,145.13212
ID828395041,3/28 Stodart St,2,u,683000.0,4/06/2016,1.0,1.0,146.0,49.0,-37.8357,145.0697
ID325408456,243 Moreland Rd,3,h,1370000.0,4/03/2017,1.0,1.0,233.0,129.0,-37.7549,144.9611
ID854538302,7/36 Grandview Gr,2,u,650000.0,3/09/2016,1.0,1.0,0.0,109.0,-37.85,145.0085
ID133341435,11/74 Barkly St,2,u,902000.0,29/04/2017,1.0,1.0,18.0,89.0,-37.8624,144.9823
ID513052565,17 Ardwick St,3,h,1532000.0,9/09/2017,1.0,2.0,628.0,69.0,-37.92716,145.03778
ID223887511,2 Delhi St,2,h,1402000.0,6/05/2017,1.0,4.0,616.0,69.0,-37.9257,145.0469
ID861602393,92 Pine St,2,u,625500.0,26/08/2017,1.0,2.0,343.0,59.0,-37.71626,144.99866
ID328931045,20 Davidson St,3,h,773000.0,6/08/2016,1.0,2.0,626.0,64.0,-37.751999999999995,145.0367
ID393885683,21 Henty St,3,h,801000.0,13/05/2017,1.0,1.0,551.0,69.0,-37.7194,145.0015
ID137951101,11 Margaret Gr,4,h,1900000.0,27/11/2016,2.0,2.0,556.0,89.0,-37.7844,145.0225
ID941954127,11 Henry Rd,3,h,1160000.0,24/06/2017,1.0,4.0,733.0,39.0,-37.87105,145.23872
ID384562645,14 Danaher Av,3,h,366000.0,16/09/2017,1.0,1.0,502.0,41.0,-37.40853,144.97749
ID403935144,5/202 Lennox St,2,u,575000.0,3/06/2017,1.0,1.0,407.0,59.0,-37.82046,144.99398
ID383316689,19 Chatsworth Rd,3,h,2385000.0,27/11/2016,2.0,2.0,217.0,119.0,-37.8523,145.0064
ID529560329,9/3 Gordon St,1,u,240000.0,17/06/2017,1.0,1.0,1015.0,49.0,-37.78778,144.89037
ID571653758,85 Montague St,3,h,700000.0,18/06/2016,1.0,0.0,199.0,72.0,-37.8299,144.9496
ID238190574,1/52 Caroline St,1,u,410000.0,8/04/2017,1.0,0.0,0.0,19.0,-37.8378,144.9883
ID699914307,2/68 Naples Rd,2,t,800000.0,3/06/2017,1.0,1.0,0.0,39.0,-37.98937,145.06723
ID319185294,2/3 Hatfield St,2,u,691500.0,30/07/2016,1.0,1.0,0.0,51.0,-37.7938,145.0666
ID790847234,233/4 Bik La,2,u,700000.0,3/09/2016,2.0,1.0,4332.0,9.0,-37.7846,144.9785
ID179138226,12 Erskine Cr,4,h,1200000.0,19/08/2017,2.0,2.0,650.0,83.0,-37.91026,145.19298
ID326642893,21 Robeson St,4,h,1110000.0,20/05/2017,1.0,2.0,556.0,84.0,-37.7489,144.9861
ID686134994,25 Connie St,5,h,950000.0,7/05/2016,2.0,4.0,618.0,69.0,-37.9209,145.0757
ID444758003,8/54 Kneen St,1,u,330000.0,19/11/2016,1.0,1.0,0.0,49.0,-37.782,144.9896
ID579756657,34 Ayr St,3,h,826000.0,28/08/2016,1.0,4.0,192.0,49.0,-37.7837,145.1027
ID218679888,20 Emma St,2,h,1015000.0,8/10/2016,1.0,0.0,117.0,14.0,-37.7948,144.9861
ID155305598,42 Hunter St,2,h,860000.0,15/10/2016,2.0,0.0,74.0,19.0,-37.8207,145.0053
ID697321138,13 Glover St,3,h,550000.0,27/11/2016,1.0,1.0,420.0,59.0,-37.7363,145.0506
ID183998685,301/25 Lynch St,1,u,310000.0,28/08/2016,1.0,1.0,0.0,19.0,-37.8216,145.0343
ID594694046,10 Plover Cl,3,h,634000.0,23/09/2017,1.0,1.0,586.0,59.0,-38.14738,145.16653
ID125088858,46 Barkly St,4,h,1500000.0,26/08/2017,3.0,2.0,557.0,99.0,-38.003409999999995,145.08773
ID562374261,2/56 Banksia St,2,t,595000.0,17/09/2016,1.0,1.0,88.0,69.0,-37.7587,145.0629
ID688333174,7 Oak Gr,4,h,2410000.0,16/09/2017,3.0,4.0,569.0,59.0,-37.901920000000004,145.00093999999999
ID794009137,91 Carrick Dr,3,h,755000.0,27/05/2017,1.0,1.0,935.0,44.0,-37.69744,144.89073
ID302847034,39 Kellaway St,3,h,940000.0,28/05/2016,1.0,1.0,695.0,79.0,-37.7825,144.886
ID198148941,231 Station St,3,h,1065000.0,23/04/2016,1.0,2.0,630.0,89.0,-37.7713,145.0196
ID197769815,3/17 Burns Ct,3,h,600000.0,22/08/2016,2.0,2.0,251.0,7.0,-37.7358,145.0559
ID157641314,12 Strada Cr,4,h,1245000.0,26/08/2017,2.0,2.0,652.0,38.0,-37.90562,145.16761
ID859557532,217 Stewart St,3,t,892000.0,30/07/2016,2.0,1.0,0.0,24.0,-37.7655,144.9816
ID673705731,62 Kilby Rd,4,h,1980000.0,9/09/2017,2.0,3.0,846.0,28.0,-37.79187,145.0487
ID295564554,4/299 Koornang Rd,2,u,804000.0,13/08/2016,2.0,1.0,0.0,26.0,-37.9,145.0548
ID980484913,117 Telopea Cr,5,h,955000.0,29/07/2017,2.0,5.0,698.0,24.0,-37.66683,145.07751000000005
ID751331843,63 Saltley St,3,h,995000.0,20/05/2017,1.0,0.0,669.0,49.0,-37.8303,144.8679
ID191153803,14 Invermay Gr,3,h,945000.0,26/07/2016,1.0,1.0,625.0,59.0,-37.7412,145.0642
ID223971977,17 Nokuna Ct,3,h,730000.0,24/06/2017,2.0,2.0,563.0,65.0,-37.68995,145.09399
ID844983201,13/11 Nicholson St,3,t,900000.0,18/03/2017,2.0,2.0,0.0,9.0,-37.8093,144.9959
ID376212168,12 John St,2,h,845000.0,18/03/2017,1.0,1.0,0.0,109.0,-37.7838,144.9273
ID823453348,3 Wiringa Av,5,h,2800000.0,23/09/2017,2.0,2.0,768.0,29.0,-37.83825,145.08163000000005
ID858856264,14/24 Rosella St,1,u,256500.0,18/06/2016,1.0,1.0,0.0,53.0,-37.8944,145.0733
ID554194310,18 Lowan St,4,h,1290000.0,11/03/2017,2.0,2.0,468.0,7.0,-37.7724,144.9829
ID502145051,43 Kerferd St,3,h,2305000.0,13/08/2016,2.0,2.0,543.0,94.0,-37.8691,145.0435
ID565508875,2/92 Beatty St,2,t,710000.0,28/08/2016,1.0,1.0,134.0,7.0,-37.7582,145.034
ID658489743,97 The Crescent,3,h,1100000.0,24/06/2017,2.0,2.0,239.0,119.0,-37.77263,144.92045
ID927075964,11 Station St,3,h,725000.0,23/04/2016,1.0,0.0,238.0,119.0,-37.7539,144.9612
ID512223610,1/53 Winbirra Pde,4,h,1200000.0,4/03/2017,3.0,2.0,372.0,3.0,-37.8716,145.0999
ID475766646,55 McEwan Rd,2,h,780000.0,1/07/2017,1.0,1.0,588.0,10.0,-37.73764,145.05323
ID435909382,16 Ventnor St,4,h,1725000.0,29/04/2017,3.0,2.0,627.0,49.0,-37.7827,145.0945
ID420732211,47/202 The Avenue,1,u,395000.0,11/02/2017,1.0,1.0,2469.0,129.0,-37.7827,144.9575
ID995709160,9/13 Manton St,2,u,530000.0,13/08/2016,1.0,1.0,0.0,54.0,-37.8236,145.009
ID266598796,2/121 Darebin Rd,2,u,605000.0,22/05/2016,1.0,1.0,133.0,99.0,-37.7641,145.0104
ID304254212,10 Neil St,4,h,970000.0,8/04/2017,1.0,2.0,528.0,79.0,-37.7969,144.8647
ID968911007,11/68 De Carle St,2,u,435000.0,18/06/2016,1.0,1.0,0.0,46.0,-37.7597,144.9655
ID261539086,3/9 Austin Tce,2,u,400000.0,6/08/2016,1.0,1.0,0.0,49.0,-37.7608,144.968
ID871127388,1/28 Nevis St,2,u,700000.0,27/11/2016,1.0,1.0,631.0,49.0,-37.8434,145.08100000000005
ID236606826,1/72 Purinuan Rd,3,t,620000.0,3/12/2016,2.0,2.0,207.0,13.0,-37.7086,145.0251
ID302623877,5/3 Ruskin St,2,u,825000.0,7/11/2016,1.0,2.0,0.0,89.0,-37.874,144.9819
ID263720441,11 Asquith St,4,h,750000.0,3/09/2017,1.0,6.0,953.0,119.0,-37.69693,145.0079
ID373436301,124 Raleigh St,5,h,560000.0,27/05/2017,2.0,2.0,626.0,7.0,-37.67688,144.88996
ID952995015,2 Federation La,3,h,855000.0,24/06/2017,2.0,1.0,92.0,15.0,-37.79683,144.99586000000005
ID772169166,131 Bradshaw St,3,h,1695000.0,18/03/2017,1.0,3.0,855.0,9.0,-37.7432,144.8947
ID850183422,3/17 Gerald St,2,u,660000.0,17/06/2017,1.0,1.0,109.0,21.0,-37.89578,145.06898999999999
ID261643775,3 Reynella Cl,4,h,1400000.0,24/06/2017,3.0,2.0,882.0,59.0,-37.85484,145.1989
ID454064508,20 Hawksbury Grn,4,h,740000.0,8/07/2017,2.0,2.0,750.0,11.0,-37.7277,144.73422
ID276318373,18 Berger St,3,h,459000.0,15/07/2017,1.0,0.0,583.0,49.0,-37.67048,144.93992
ID947435419,68 Windsor St,2,h,785000.0,20/05/2017,1.0,1.0,116.0,99.0,-37.8046,144.891
ID230070750,35 Gungarlan Dr,3,h,695000.0,19/11/2016,2.0,2.0,716.0,49.0,-37.734,144.8593
ID238907105,124 Carrick Dr,3,h,645000.0,22/07/2017,1.0,1.0,556.0,59.0,-37.695840000000004,144.89379
ID657999351,8 Edith St,3,h,2450000.0,23/09/2017,1.0,0.0,984.0,79.0,-37.87376,145.15238
ID867487738,23 Melville St,2,h,1155000.0,4/06/2016,1.0,2.0,235.0,89.0,-37.8153,145.0231
ID409905629,16 Davies St,2,h,793000.0,24/09/2016,1.0,1.0,144.0,24.0,-37.845,144.8873
ID416729907,80 Gowrie St,3,h,780000.0,17/06/2017,1.0,2.0,697.0,59.0,-37.69795,144.94285
ID759450466,15 Longstaff St,3,h,1740000.0,20/05/2017,1.0,2.0,792.0,69.0,-37.774,145.0654
ID720339946,14 Victory St,2,h,883000.0,27/05/2017,1.0,1.0,697.0,59.0,-37.81808,145.2057
ID408749331,14 Murdock St,3,h,976000.0,14/05/2016,2.0,1.0,240.0,14.0,-37.756,144.9587
ID988961447,350 Princes St,3,h,2100000.0,27/11/2016,2.0,1.0,170.0,29.0,-37.835,144.94299999999996
ID873595741,11 Keeshan Ct,3,h,683500.0,7/11/2016,1.0,1.0,530.0,64.0,-37.8594,144.817
ID951720547,2/16 Westbrook St,3,t,820000.0,20/05/2017,2.0,2.0,213.0,7.0,-37.8827,145.0942
ID822720109,5 Carrington St,4,h,1850000.0,7/11/2016,2.0,2.0,619.0,29.0,-37.8025,145.0843
ID421798286,32a Argyle St,3,t,920000.0,16/04/2016,2.0,1.0,343.0,15.0,-37.9112,145.0738
ID405789634,2 Arbor Tce,4,h,1155000.0,4/06/2016,2.0,2.0,569.0,11.0,-37.7654,144.8655
ID929528704,137 Ingles St,3,t,950000.0,27/11/2016,2.0,2.0,0.0,7.0,-37.8317,144.9446
ID909974568,4 Edwin St,3,h,990000.0,6/05/2017,2.0,2.0,377.0,79.0,-37.7573,145.0496
ID904375009,89A New St,3,t,730000.0,29/07/2017,2.0,2.0,340.0,19.0,-37.831720000000004,144.86683
ID270107851,657 Gilbert Rd,3,h,777000.0,27/11/2016,1.0,2.0,480.0,59.0,-37.7265,144.9918
ID966950189,20 Coonil Cr,4,h,4050000.0,12/08/2017,3.0,2.0,787.0,104.0,-37.860440000000004,145.0335
ID275279877,23A Havelock St,2,h,1120000.0,8/04/2017,1.0,0.0,135.0,89.0,-37.8661,144.9802
ID389572222,3/12 Somers St,2,u,605000.0,6/05/2017,1.0,1.0,81.0,54.0,-37.8495,145.0999
ID950407834,18 Yorkshire St,3,h,1530000.0,24/06/2017,1.0,2.0,187.0,119.0,-37.83199000000001,144.99909
ID969275276,3/19 Chandos St,2,u,515000.0,27/06/2016,1.0,2.0,0.0,49.0,-37.7474,144.9608
ID346683068,47 Churchill Wy,3,h,710000.0,19/08/2017,1.0,2.0,837.0,59.0,-37.796820000000004,145.30467
ID328800751,2/22 Joffre Rd,3,u,585000.0,6/08/2016,1.0,1.0,180.0,10.0,-37.718,144.94
ID845081300,4 Sapphire St,4,h,1372000.0,1/07/2017,1.0,2.0,866.0,49.0,-37.838159999999995,145.17783
ID451402753,8/35 Normanby St,2,u,756000.0,15/10/2016,1.0,1.0,0.0,99.0,-37.9112,144.9909
ID800004748,6/153 Barkly St,2,u,600000.0,7/11/2016,1.0,1.0,0.0,8.0,-37.777,144.9703
ID620545283,4/206 Cotham Rd,3,u,1100000.0,27/11/2016,1.0,1.0,0.0,84.0,-37.8087,145.0452
ID250718882,129 Spring St,2,h,623500.0,22/08/2016,1.0,0.0,452.0,89.0,-37.7271,145.0009
ID326784450,127 George St,4,h,1780000.0,7/11/2016,1.0,1.0,186.0,117.0,-37.8048,144.9806
ID207656573,328 Barkers Rd,4,h,2800000.0,27/05/2017,2.0,2.0,750.0,109.0,-37.81557,145.04281
ID187255994,6 Dally St,2,h,1035000.0,22/05/2016,1.0,2.0,243.0,129.0,-37.7653,145.0014
ID935018632,403/77 Village Wy,2,u,440000.0,15/07/2017,1.0,2.0,0.0,16.0,-37.77117,144.88041
ID164393324,11 Buller Dr,4,h,1331000.0,27/05/2017,2.0,2.0,762.0,24.0,-37.86584000000001,145.16502
ID950864927,42 Kars St,3,h,640000.0,1/07/2017,2.0,1.0,368.0,49.0,-38.1523,145.11874
ID680585481,78 Albenca St,5,h,1300000.0,26/08/2017,2.0,2.0,1006.0,49.0,-37.97404,145.07541
ID550312268,57 Newton St,3,h,866000.0,24/09/2016,1.0,2.0,569.0,49.0,-37.7313,145.0224
ID697498558,59 Robinson St,2,h,1020000.0,1/07/2017,1.0,1.0,269.0,125.0,-37.75782,144.92088
ID298810846,48 Derby St,4,h,822000.0,18/03/2017,2.0,2.0,250.0,36.0,-37.7319,144.9461
ID808677011,3/16 Fulton St,2,u,678000.0,4/03/2017,1.0,2.0,0.0,131.0,-37.8538,145.0127
ID374428197,3/9 Poplar Gr,1,u,305000.0,8/04/2017,1.0,1.0,0.0,59.0,-37.8858,145.0632
ID530171930,66 Clyde St,2,h,1365000.0,26/07/2016,1.0,1.0,361.0,109.0,-37.8646,144.98
ID414537351,1/3 Euston Rd,3,t,900000.0,26/07/2016,2.0,1.0,360.0,44.0,-37.8937,145.0779
ID789773614,2A Edyvean St,3,h,1185000.0,25/02/2017,2.0,2.0,267.0,19.0,-37.8302,145.1046
ID685175315,641 Nepean Hwy,4,h,1400000.0,27/05/2017,3.0,2.0,1659.0,129.0,-38.16121,145.10381
ID963131002,413/35 Malcolm St,1,u,315000.0,3/12/2016,1.0,0.0,14500.0,8.0,-37.8372,144.9963
ID759317993,7 Relowe Cr,5,h,2750000.0,9/09/2017,5.0,2.0,1235.0,3.0,-37.80563,145.10304
ID581362761,337 Murrumbeena Rd,3,t,922000.0,9/09/2017,2.0,2.0,219.0,59.0,-37.90584000000001,145.06169
ID959859470,3 Birk Ct,3,h,680000.0,8/04/2017,2.0,1.0,277.0,9.0,-37.7039,144.8986
ID958332849,15/17 Ascot Vale Rd,1,u,380000.0,4/03/2017,1.0,1.0,2077.0,49.0,-37.7852,144.9216
ID211044792,1/1 Cherryhinton St,2,u,790000.0,4/03/2017,1.0,1.0,195.0,54.0,-37.826,145.129
ID697348844,47 Radio St,4,h,690000.0,18/06/2016,2.0,1.0,270.0,7.0,-37.7798,144.8659
ID489680217,54 Hilma St,3,h,825000.0,15/10/2016,1.0,0.0,792.0,49.0,-37.7913,144.80200000000005
ID520185095,5/138 Milton Pde,2,u,511000.0,18/06/2016,1.0,1.0,0.0,19.0,-37.8517,145.0459
ID307556904,36 Newmans Rd,5,h,1930000.0,16/09/2017,3.0,2.0,807.0,19.0,-37.75245,145.15283
ID414537351,1/3 Euston Rd,3,t,900000.0,26/07/2016,2.0,1.0,360.0,44.0,-37.8937,145.0779
ID132088260,57 Wales St,3,h,925000.0,24/09/2016,1.0,1.0,275.0,99.0,-37.8085,144.8802
ID356803041,1/27 Noordenne Av,1,u,312000.0,29/07/2017,1.0,0.0,0.0,49.0,-37.86007,144.84578
ID796846842,2/16 Westminster St,2,t,1255000.0,3/09/2016,1.0,1.0,208.0,19.0,-37.8128,145.0975
ID347078639,5/12 Judith St,1,u,286000.0,8/07/2017,1.0,1.0,314.0,59.0,-37.903209999999994,145.0555
ID479375857,603 Burke Rd,5,h,2000000.0,14/05/2016,3.0,2.0,801.0,99.0,-37.84,145.0548
ID543720916,52 Shields St,4,h,650000.0,3/06/2017,2.0,2.0,469.0,9.0,-37.6248,145.01032
ID575999704,24 Brooks St,4,h,1220000.0,4/06/2016,2.0,2.0,585.0,69.0,-37.9167,145.0771
ID750615069,2/59 Moonya Rd,3,u,920000.0,17/09/2016,2.0,1.0,283.0,14.0,-37.8974,145.0622
ID858233997,3/28 Kendall St,2,t,781000.0,8/04/2017,1.0,1.0,0.0,5.0,-37.7422,144.9604
ID934612594,3/22 Scottsdale St,2,u,899000.0,25/02/2017,1.0,1.0,226.0,39.0,-37.8327,145.1019
ID215625732,9 Patterson St,3,h,1218000.0,19/08/2017,1.0,1.0,757.0,66.0,-37.82568,145.16752
ID643112672,75 Haig St,4,h,1370000.0,4/03/2017,2.0,4.0,481.0,89.0,-37.746,145.0511
ID704202321,22 Burton Av,3,h,2950000.0,16/09/2017,1.0,2.0,1040.0,59.0,-37.926140000000004,145.11713
ID472383795,6/9 St James St,2,u,410000.0,17/09/2016,1.0,1.0,0.0,49.0,-37.7597,144.9188
ID823370876,2/18 Doncaster Rd,3,t,1050000.0,1/07/2017,3.0,2.0,200.0,59.0,-37.793620000000004,145.0652
ID454136811,13 Franklin St,3,h,725000.0,22/05/2016,2.0,1.0,374.0,69.0,-37.939,145.0533
ID842200634,53 Milne St,3,h,1350000.0,3/06/2017,2.0,2.0,809.0,44.0,-37.75289,145.12826
ID805977763,1/77 Lincoln Dr,3,t,745000.0,20/05/2017,2.0,1.0,224.0,54.0,-37.7426,144.868
ID683847039,58 Cumberland Rd,2,h,720000.0,27/11/2016,1.0,1.0,428.0,21.0,-37.7333,144.9384
ID854476557,13 McKay St,3,h,1150000.0,8/10/2016,1.0,0.0,176.0,119.0,-37.8116,145.0042
ID683140698,16/43 Arndt Rd,2,u,541000.0,29/07/2017,1.0,1.0,133.0,69.0,-37.72136,144.92932
ID615726521,375 South Rd,5,h,1200000.0,7/05/2016,2.0,5.0,775.0,99.0,-37.931999999999995,145.0284
ID179248829,47 Carrington Rd,3,u,970000.0,12/11/2016,2.0,1.0,320.0,69.0,-37.7377,144.888
ID894971741,1B Hepburn St,3,h,1780000.0,18/03/2017,3.0,2.0,88.0,8.0,-37.824,145.0427
ID603265614,10 Harrison St,3,h,1310000.0,3/12/2016,1.0,2.0,456.0,69.0,-37.7638,144.9804
ID835254000,5/6 Tivoli Pl,2,u,863000.0,4/03/2017,2.0,1.0,742.0,69.0,-37.8357,144.9867
ID399525927,30/30 Murphy St,2,u,615000.0,13/05/2017,1.0,1.0,0.0,49.0,-37.836999999999996,144.9907
ID630270811,17 Timbarra Dr,4,h,665000.0,22/07/2017,2.0,2.0,520.0,5.0,-37.91859,144.64143
ID670639915,40 Whyte St,3,h,1785000.0,12/11/2016,2.0,1.0,404.0,66.0,-37.9228,144.9996
ID638356336,3/71 Oxford St,3,h,950000.0,10/12/2016,2.0,1.0,224.0,8.0,-37.8364,144.8769
ID738614677,89 Cruikshank St,3,h,1470000.0,4/06/2016,1.0,0.0,153.0,139.0,-37.8382,144.9469
ID699020541,1 Bellarine St,5,h,1400000.0,3/06/2017,2.0,2.0,558.0,94.0,-37.73472,144.99658
ID535748648,2/14 Nash St,2,u,480000.0,14/05/2016,1.0,1.0,0.0,39.0,-37.8559,145.049
ID969275276,3/19 Chandos St,2,u,515000.0,27/06/2016,1.0,2.0,0.0,49.0,-37.7474,144.9608
ID366648553,51 Davies St,3,h,1012000.0,17/09/2016,2.0,1.0,323.0,4.0,-37.7359,145.0614
ID546454768,31b Purtell St,4,t,1465000.0,18/06/2016,2.0,2.0,319.0,4.0,-37.9256,145.0533
ID339730337,4/51 Yarra St,2,t,705000.0,6/08/2016,1.0,1.0,182.0,46.0,-37.7587,145.0657
ID613559046,46 McArthur Rd,3,h,1535000.0,9/09/2017,2.0,1.0,697.0,89.0,-37.77536,145.06295
ID727457367,1088 Toorak Rd,8,h,2200000.0,8/07/2017,8.0,4.0,650.0,59.0,-37.84812,145.07414
ID981371821,3 Worcester St,3,h,1080000.0,3/09/2017,1.0,3.0,594.0,34.0,-37.9028,145.10605
ID653961843,10/32 Outer Cr,3,u,1180000.0,8/07/2017,2.0,2.0,0.0,8.0,-37.90542,144.99817
ID627022240,98 Heath St,2,h,1400000.0,25/02/2017,1.0,1.0,168.0,85.0,-37.8346,144.9453
ID977762628,14 Snaefell Cr,4,h,670000.0,3/09/2017,2.0,3.0,213.0,49.0,-37.68247,144.88446000000005
ID990819493,36a Barrington St,3,t,780000.0,28/08/2016,2.0,1.0,209.0,7.0,-37.9131,145.07
ID845303724,5/148 Nepean Hwy,3,t,805000.0,15/07/2017,2.0,2.0,0.0,13.0,-38.02768,145.10187
ID389572222,3/12 Somers St,2,u,605000.0,6/05/2017,1.0,1.0,81.0,54.0,-37.8495,145.0999
ID473121509,20 Cuthbert Dr,3,h,660000.0,24/06/2017,2.0,2.0,666.0,17.0,-37.68381,144.73331000000005
ID805939322,3/57 Pender St,1,u,383000.0,19/11/2016,1.0,1.0,0.0,54.0,-37.7539,145.0075
ID183465183,12 Newcastle St,3,h,890000.0,26/07/2016,1.0,2.0,495.0,69.0,-37.7521,145.0114
ID930657432,59 Ford St,3,h,990000.0,15/07/2017,2.0,0.0,337.0,29.0,-37.84417,144.87544
ID895128266,3 Ballarat St,1,t,625000.0,18/06/2016,1.0,1.0,82.0,89.0,-37.7661,144.9614
ID606466760,34 Tennyson St,3,h,2585000.0,19/08/2017,2.0,1.0,703.0,44.0,-37.954570000000004,145.05387
ID489018683,101 McCracken St,3,h,1470000.0,18/03/2017,1.0,1.0,687.0,3.0,-37.7442,144.9045
ID572195110,2/660 Canterbury Rd,3,t,820000.0,3/06/2017,2.0,2.0,277.0,3.0,-37.835809999999995,145.19801999999999
ID252611481,173 Nelson Rd,4,h,3825000.0,12/08/2017,3.0,0.0,280.0,129.0,-37.83923,144.95113
ID597158409,10/117 Albert St,2,u,355000.0,24/09/2016,1.0,1.0,0.0,44.0,-37.8066,144.8971
ID979948062,12 Rosemary Ct,3,h,915000.0,25/02/2017,2.0,2.0,769.0,59.0,-37.7298,145.0947
ID563796628,45 Cityview Rd,4,h,1750000.0,6/08/2016,3.0,3.0,667.0,6.0,-37.7898,145.079
ID400965177,3/33 St Georges Rd,2,u,632500.0,29/04/2017,1.0,1.0,0.0,51.0,-37.8817,145.0032
ID240387126,10 Talbot St,4,h,2800000.0,27/06/2016,3.0,2.0,1093.0,69.0,-37.9345,145.0
ID946967283,3/14 Rugby Rd,2,u,455000.0,16/04/2016,1.0,2.0,0.0,59.0,-37.8942,145.0867
ID560130537,30 Mirams St,4,h,1300000.0,27/11/2016,1.0,4.0,664.0,99.0,-37.7765,144.9132
ID818997225,10 Valiant St,2,h,1097000.0,8/10/2016,1.0,2.0,220.0,119.0,-37.801,144.9989
ID215783292,3 Norfolk St,2,h,900000.0,28/08/2016,1.0,1.0,339.0,109.0,-37.7651,144.9078
ID631202108,1/22 Vigo St,3,u,886000.0,22/07/2017,2.0,2.0,0.0,14.0,-37.80618,144.89057
ID729655989,38 Wiltshire Dr,2,u,591000.0,22/07/2017,1.0,2.0,0.0,132.0,-37.794129999999996,145.02382
ID244692984,9/561 Spencer St,3,u,995000.0,18/03/2017,1.0,1.0,0.0,79.0,-37.8076,144.9474
ID535475686,21/7 Alfred Sq,2,u,520000.0,25/02/2017,1.0,1.0,1235.0,39.0,-37.8645,144.9749
ID806967789,16 Smith St,3,h,772000.0,15/10/2016,1.0,1.0,367.0,69.0,-37.728,144.963
ID241626352,7/2 Albion St,2,u,570000.0,3/06/2017,1.0,1.0,0.0,39.0,-37.7631,144.98138
ID428950240,21 Wolseley Gr,4,h,2405000.0,28/05/2016,1.0,2.0,695.0,49.0,-37.9262,144.9969
ID749731416,868 Hampton St,3,h,1502000.0,22/04/2017,1.0,1.0,431.0,52.0,-37.9107,145.0077
ID633963185,17 Reed St,3,h,1740000.0,28/08/2016,2.0,2.0,147.0,129.0,-37.8448,144.9453
ID677370024,2/58 Railway Pde,2,t,480000.0,6/08/2016,1.0,1.0,113.0,31.0,-37.7269,144.9274
ID972282177,65 Napier St,3,h,1467000.0,7/11/2016,2.0,2.0,188.0,119.0,-37.7532,144.9178
ID746052220,23 Neerim St,4,h,426000.0,15/07/2017,2.0,3.0,655.0,44.0,-37.695479999999996,144.56775
ID864641051,54 Palmerston Cr,3,h,1210000.0,9/09/2017,2.0,0.0,149.0,119.0,-37.834740000000004,144.96917
ID121713980,6 Caspian Tce,4,h,1200000.0,29/04/2017,3.0,2.0,183.0,13.0,-37.8566,144.8737
ID719871599,4/7 Pershing St,2,u,390000.0,16/04/2016,1.0,1.0,122.0,39.0,-37.7261,144.9961
ID600272779,18 Ethel St,2,h,1023000.0,3/09/2017,1.0,0.0,154.0,129.0,-37.77221,144.97537
ID355765539,411 Barkly St,2,h,945000.0,30/07/2016,1.0,2.0,246.0,109.0,-37.775,144.9536
ID953216777,46 Dalton St,3,h,593000.0,18/03/2017,1.0,1.0,534.0,49.0,-37.796,144.8108
ID575036206,7 Haywood Gr,4,h,600000.0,12/08/2017,2.0,2.0,935.0,14.0,-37.68503,144.54237
ID965825552,27 Middle St,3,h,730000.0,10/12/2016,1.0,2.0,570.0,49.0,-37.7106,144.9491
ID325812220,2 Quentin St,5,h,1205000.0,27/05/2017,3.0,2.0,477.0,18.0,-37.84252,145.17258
ID377437780,1 Mikado St,3,h,870000.0,27/05/2017,1.0,6.0,700.0,6.0,-37.705690000000004,144.94048
ID356485670,7/45 Gipps St,1,u,750000.0,28/05/2016,1.0,0.0,0.0,89.0,-37.8136,144.9892
ID765419512,8 Parade Sq,2,t,431000.0,8/04/2017,1.0,1.0,0.0,39.0,-37.7722,144.8807
ID499602569,4/199 Punt Rd,1,u,360000.0,27/11/2016,1.0,1.0,1332.0,119.0,-37.8181,144.9901
ID946614190,1/164 Barkers Rd,3,t,1200000.0,15/07/2017,2.0,2.0,1089.0,49.0,-37.81432,145.03221000000005
ID580327550,38 Daisy St,3,h,1040000.0,12/08/2017,1.0,1.0,756.0,58.0,-37.82909,145.233
ID603225858,59 Alamein Rd,3,h,532000.0,7/11/2016,1.0,1.0,390.0,64.0,-37.7369,145.0422
ID672243534,5 Bigola St,3,h,800000.0,16/09/2017,1.0,3.0,691.0,129.0,-37.80236,145.23916
ID423209358,138 Outhwaite Rd,3,h,690500.0,17/09/2016,1.0,2.0,605.0,64.0,-37.7386,145.0447
ID707357883,73 Truganini Rd,4,h,1655000.0,25/02/2017,2.0,2.0,595.0,104.0,-37.8916,145.0543
ID303048354,5 Eastgate St,5,h,1750000.0,24/06/2017,2.0,2.0,546.0,84.0,-37.90465,145.08893999999995
ID596349914,50 Ruby St,3,h,1110000.0,28/05/2016,2.0,2.0,470.0,51.0,-37.7522,144.88299999999995
ID770330739,191 Ohea St,4,h,905000.0,4/06/2016,2.0,1.0,439.0,109.0,-37.7363,144.9507
ID743891113,85 Roberts Rd,4,h,900000.0,27/11/2016,2.0,3.0,628.0,44.0,-37.7256,144.8739
ID532573882,702/700 Chapel St,1,u,510000.0,27/06/2016,1.0,1.0,0.0,19.0,-37.8361,144.9966
ID933072948,222 Barkly St,5,h,2500000.0,19/11/2016,2.0,2.0,555.0,129.0,-37.7767,144.9645
ID367290972,253 Thompsons Rd,4,h,1000000.0,13/08/2016,3.0,2.0,728.0,49.0,-37.768,145.1027
ID120601815,44 Eunice Dr,3,h,900000.0,24/06/2017,1.0,2.0,537.0,54.0,-37.963879999999996,145.07807
ID663388249,5 Kurdian Ct,4,h,840000.0,16/07/2016,2.0,2.0,761.0,49.0,-37.7218,145.108
ID909331406,2 George St,3,u,537000.0,29/07/2017,1.0,1.0,460.0,49.0,-38.04668,145.36938999999995
ID630100178,143 Victoria St,3,h,940000.0,8/04/2017,1.0,1.0,320.0,79.0,-37.7844,144.9359
ID755311003,11 Elphinstone St,3,h,820000.0,12/11/2016,1.0,3.0,440.0,69.0,-37.7937,144.8732
ID695262935,5A Elizabeth St,3,t,1010000.0,27/05/2017,1.0,2.0,309.0,34.0,-37.980090000000004,145.06118
ID423585132,59 Sellars St,3,h,850000.0,22/07/2017,1.0,2.0,766.0,45.0,-37.698209999999996,145.08995
ID256409352,27 Hurtle St,3,h,1500000.0,3/06/2017,3.0,1.0,382.0,11.0,-37.772059999999996,144.90397
ID320545274,13 Bianca Dr,3,h,880000.0,9/09/2017,2.0,1.0,588.0,64.0,-38.01909000000001,145.1125
ID260526222,44 Lind St,5,h,1485000.0,18/06/2016,2.0,4.0,502.0,7.0,-37.7317,144.9177
ID396620675,9 Queen St,4,h,1920000.0,4/06/2016,1.0,1.0,805.0,94.0,-37.9066,145.0354
ID342005636,6 Gray La,3,h,2035000.0,29/04/2017,1.0,1.0,185.0,129.0,-37.8435,144.9538
ID865999201,9 Powlett St,4,h,596000.0,17/06/2017,2.0,2.0,512.0,49.0,-37.61133,145.0945
ID792490996,73 Barkly St,3,h,1265000.0,27/05/2017,1.0,0.0,161.0,99.0,-37.77742,144.97388
ID316746938,1/29 Main Rd,2,u,420000.0,12/08/2017,1.0,1.0,119.0,19.0,-37.728609999999996,145.109
ID725486581,46 Chambers Rd,5,h,1500000.0,8/07/2017,3.0,2.0,1068.0,19.0,-37.83794,144.84231
ID673144177,5 Valdemar Ct,3,h,1743000.0,13/05/2017,1.0,2.0,590.0,94.0,-37.9287,145.0273
ID487439840,6 Riverside Av,3,h,840000.0,16/09/2017,2.0,2.0,725.0,49.0,-37.72465,144.8359
ID530999128,53/69 Palmer St,2,u,815000.0,7/11/2016,2.0,2.0,0.0,6.0,-37.8187,145.0079
ID283996750,8 Hicks St,3,h,1051000.0,12/08/2017,2.0,2.0,597.0,10.0,-37.98703,145.09131000000005
ID222188046,129 View St,3,h,643000.0,20/05/2017,1.0,2.0,674.0,69.0,-37.6957,144.9231
ID824574050,21 Highview Rd,2,h,722000.0,16/04/2016,2.0,1.0,201.0,14.0,-37.9293,145.0657
ID257890336,43 Mitchell St,4,h,1275000.0,23/09/2017,1.0,2.0,518.0,139.0,-37.758829999999996,144.96749
ID423877105,112 McIlwraith St,2,h,1625000.0,16/09/2017,1.0,1.0,253.0,129.0,-37.78243,144.96871000000004
ID725757940,47A Madden St,3,h,755000.0,12/08/2017,2.0,2.0,0.0,9.0,-37.78966,144.87821
ID461721588,2/236 Lower Plenty Rd,3,u,560000.0,7/05/2016,1.0,1.0,213.0,19.0,-37.7386,145.0733
ID758024147,82 Murray Rd,3,h,721000.0,3/12/2016,1.0,1.0,581.0,79.0,-37.7399,145.0228
ID726277616,2/12 William St,2,u,695000.0,1/07/2017,2.0,1.0,208.0,19.0,-37.70267,145.09526
ID366087552,21 Harrington St,3,h,853000.0,17/06/2017,1.0,1.0,600.0,69.0,-37.864940000000004,144.8157
ID267576663,1 McCarron Pde,4,h,1775000.0,12/06/2016,2.0,2.0,725.0,69.0,-37.7551,144.9047
ID905756731,75 Cornwall Rd,3,h,750000.0,18/03/2017,1.0,1.0,483.0,94.0,-37.7866,144.841
ID173280819,4 Hardy Ct,4,h,1215000.0,24/06/2017,2.0,4.0,619.0,59.0,-37.92542,145.10622
ID367633233,27 Moore St,3,h,800000.0,28/08/2016,1.0,1.0,207.0,109.0,-37.7687,144.9203
ID168006104,2/15 Delaware St,3,h,450000.0,23/04/2016,2.0,2.0,185.0,89.0,-37.7211,145.0147
ID298084466,320 Church St,3,h,1651000.0,24/09/2016,2.0,1.0,192.0,119.0,-37.8212,144.9985
ID684082559,9/21 Doncaster East Rd,3,t,973000.0,12/08/2017,2.0,2.0,323.0,7.0,-37.8099,145.19506
ID932787279,2/2 Comeram Ct,2,u,460000.0,1/07/2017,1.0,1.0,241.0,19.0,-37.672309999999996,145.05878
ID151957163,2/172 Cape St,3,h,655000.0,23/04/2016,2.0,2.0,175.0,49.0,-37.7514,145.0689
ID859552125,3/41 Pridham St,2,u,425000.0,7/11/2016,1.0,1.0,170.0,19.0,-37.7818,144.8859
ID978542118,1/38 Lynch St,1,u,357000.0,6/08/2016,1.0,0.0,0.0,39.0,-37.7964,144.9027
ID791679939,33a Durrant St,2,h,1532000.0,22/08/2016,1.0,2.0,411.0,109.0,-37.9095,145.004
ID602338798,54 Sutton St,3,h,1818000.0,15/10/2016,1.0,1.0,722.0,89.0,-37.7956,145.0829
ID417745479,5 Octavia St,2,h,920000.0,29/04/2017,1.0,0.0,190.0,64.0,-37.8579,144.9844
ID815613518,63 Hobson St,3,h,1075000.0,29/04/2017,1.0,0.0,452.0,69.0,-37.8402,144.8886
ID892171740,54 Balmain St,2,h,1110000.0,24/09/2016,1.0,1.0,144.0,4.0,-37.8301,144.9927
ID999653103,6 Merbein St,2,h,680000.0,14/05/2016,1.0,2.0,590.0,79.0,-37.717,144.9509
ID419730909,38 Bent St,2,h,1060000.0,12/08/2017,1.0,1.0,283.0,59.0,-37.76218,144.92886000000001
ID909097095,26 Warburton St,3,h,1340000.0,27/11/2016,1.0,1.0,316.0,109.0,-37.7741,144.9703
ID263868588,7/1192 Glen Huntly Rd,2,u,575000.0,22/04/2017,2.0,1.0,0.0,54.0,-37.8898,145.0438
ID627022240,98 Heath St,2,h,1400000.0,25/02/2017,1.0,1.0,168.0,85.0,-37.8346,144.9453
ID956726746,108/33 Jeffcott St,3,u,660000.0,7/05/2016,2.0,1.0,0.0,21.0,-37.8118,144.9526
ID988620139,60 Dickens St,3,h,798000.0,22/07/2017,1.0,2.0,806.0,55.0,-37.66871,145.01
ID924884909,2/17 Marshall Av,3,h,1950000.0,16/09/2017,2.0,2.0,460.0,19.0,-37.806459999999994,145.04651
ID504350825,91 Market Rd,3,h,472000.0,3/06/2017,1.0,0.0,700.0,69.0,-37.89363,144.65693000000005
ID310657378,19/37 Stephen St,3,h,920000.0,12/08/2017,2.0,2.0,182.0,6.0,-37.812490000000004,144.89531000000005
ID867487738,23 Melville St,2,h,1155000.0,4/06/2016,1.0,2.0,235.0,89.0,-37.8153,145.0231
ID767533523,17 Packington Pl,2,h,1365000.0,26/08/2017,1.0,2.0,206.0,119.0,-37.85569,145.00522
ID658856109,175 Dover St,2,t,1010000.0,24/09/2016,1.0,1.0,151.0,21.0,-37.8311,144.9914
ID305933432,118 Derby St,3,h,1950000.0,9/09/2017,1.0,3.0,706.0,28.0,-37.79793,145.03833999999995
ID307782224,193 Edwardes St,3,h,915000.0,8/10/2016,3.0,2.0,618.0,59.0,-37.7154,144.9962
ID795724355,3 Golf Rd,3,h,860000.0,19/11/2016,2.0,3.0,472.0,49.0,-37.734,144.9728
ID181098525,85 Clifton St,4,h,1400000.0,23/09/2017,2.0,1.0,629.0,10.0,-37.79241,145.10445
ID747819682,18 Kingston St,4,h,2400000.0,12/11/2016,2.0,2.0,663.0,119.0,-37.9323,145.0137
ID900253897,25 Leane Dr,4,h,977500.0,17/06/2017,2.0,3.0,1004.0,34.0,-37.69999,145.1617
ID657999351,8 Edith St,3,h,2450000.0,23/09/2017,1.0,0.0,984.0,79.0,-37.87376,145.15238
ID322450633,15 Renwick St,4,h,2165000.0,12/08/2017,3.0,2.0,409.0,3.0,-37.852,145.07321000000005
ID342005636,6 Gray La,3,h,2035000.0,29/04/2017,1.0,1.0,185.0,129.0,-37.8435,144.9538
ID200597250,5 Wattle Gr,3,h,1855000.0,22/08/2016,1.0,1.0,304.0,119.0,-37.8253,145.0287
ID740611359,2/126 Middle St,3,t,627000.0,3/06/2017,2.0,2.0,0.0,6.0,-37.70903,144.93995
ID473724250,1/15 Ross St,3,u,760000.0,18/06/2016,2.0,1.0,198.0,11.0,-37.7357,144.8908
ID559117603,2/157 Peel St,2,u,810000.0,9/09/2017,1.0,1.0,652.0,6.0,-37.85556,144.99063
ID522017326,2/21 Vickery St,2,u,410000.0,22/07/2017,1.0,1.0,834.0,52.0,-37.916270000000004,145.03892
ID718135885,3 Kirby Ct,4,h,875000.0,19/08/2017,3.0,4.0,793.0,39.0,-37.88793,145.27561
ID163323498,15 Craig St,3,h,880000.0,10/12/2016,1.0,2.0,584.0,39.0,-37.7435,144.8798
ID677304277,3/2 Cooper St,3,t,500000.0,27/06/2016,1.0,2.0,224.0,34.0,-37.7863,144.8401
ID296267196,45 Roseberry St,2,h,1335000.0,17/09/2016,1.0,0.0,229.0,119.0,-37.8265,145.0484
ID159859941,37 Brentwood Dr,4,h,1130000.0,27/05/2017,2.0,2.0,690.0,24.0,-37.900040000000004,145.17205
ID719625752,157 Napier St,3,h,1600000.0,3/09/2016,2.0,1.0,88.0,129.0,-37.8363,144.9628
ID440235630,9/99 Barton St,2,u,335000.0,13/08/2016,1.0,1.0,0.0,7.0,-37.7112,144.9989
ID161629654,1 Nunan St,4,h,856000.0,3/12/2016,2.0,2.0,136.0,22.0,-37.7601,144.9805
ID513973956,1/558 Toorak Rd,2,u,645000.0,27/06/2016,1.0,1.0,0.0,49.0,-37.8428,145.0216
ID223971977,17 Nokuna Ct,3,h,730000.0,24/06/2017,2.0,2.0,563.0,65.0,-37.68995,145.09399
ID930346230,10/4 Poets Gr,1,u,350000.0,8/07/2017,1.0,0.0,0.0,59.0,-37.88111,144.99053999999995
ID767165560,38 Park Rd,4,h,1250000.0,17/09/2016,2.0,2.0,457.0,89.0,-37.8361,145.1078
ID417705574,11 Grimwade Ct,3,h,540000.0,3/06/2017,1.0,4.0,699.0,31.0,-37.65105,145.04613
ID362634662,12 Rostrevor Pde,4,h,2335000.0,18/03/2017,2.0,2.0,813.0,81.0,-37.8118,145.1065
ID876020989,205/201 High St,2,u,475000.0,29/04/2017,1.0,1.0,0.0,114.0,-37.8519,144.9948
ID354156390,2/5 Denham St,2,u,762000.0,17/06/2017,1.0,1.0,1583.0,49.0,-37.81857,145.01703999999995
ID690090954,12/41 Kooyong Rd,2,u,620000.0,19/11/2016,1.0,1.0,0.0,49.0,-37.8596,145.0198
ID886455482,96 Hamilton St,2,h,820000.0,20/05/2017,1.0,0.0,211.0,59.0,-37.812,144.8865
ID359910458,202/52 Dow St,1,u,470000.0,28/05/2016,1.0,1.0,0.0,22.0,-37.8431,144.9403
ID607492274,51 Roberts St,2,h,326500.0,25/02/2017,1.0,2.0,626.0,89.0,-37.8067,144.8707
ID909025357,2 Rotherwood Dr,4,h,1715157.0,20/05/2017,3.0,2.0,380.0,11.0,-37.8792,145.0869
ID362872389,24 Livingstone St,3,h,940000.0,12/11/2016,1.0,2.0,756.0,59.0,-37.7249,144.9854
ID227710540,251 Bell St,2,h,760000.0,8/07/2017,1.0,2.0,378.0,99.0,-37.740109999999994,144.95266999999996
ID320036225,160 Overport Rd,3,h,860000.0,24/06/2017,2.0,3.0,4780.0,59.0,-38.18255,145.11986000000005
ID685175315,641 Nepean Hwy,4,h,1400000.0,27/05/2017,3.0,2.0,1659.0,129.0,-38.16121,145.10381
ID684017785,14/181 Power St,2,u,525000.0,17/06/2017,1.0,1.0,0.0,49.0,-37.827,145.02563
ID454136811,13 Franklin St,3,h,725000.0,22/05/2016,2.0,1.0,374.0,69.0,-37.939,145.0533
ID685175315,641 Nepean Hwy,4,h,1400000.0,27/05/2017,3.0,2.0,1659.0,129.0,-38.16121,145.10381
ID687265915,2/5 Mines Rd,2,u,609000.0,27/05/2017,1.0,2.0,190.0,49.0,-37.80551,145.24589
ID854476557,13 McKay St,3,h,1150000.0,8/10/2016,1.0,0.0,176.0,119.0,-37.8116,145.0042
ID854476557,13 McKay St,3,h,1150000.0,8/10/2016,1.0,0.0,176.0,119.0,-37.8116,145.0042
ID417705574,11 Grimwade Ct,3,h,540000.0,3/06/2017,1.0,4.0,699.0,31.0,-37.65105,145.04613
ID303678556,122 Nicholson St,4,h,3200000.0,12/08/2017,4.0,0.0,225.0,157.0,-37.80209,144.97443
ID679627534,11 Henry St,2,h,677000.0,27/11/2016,1.0,0.0,67.0,169.0,-37.7969,144.9759
ID861602393,92 Pine St,2,u,625500.0,26/08/2017,1.0,2.0,343.0,59.0,-37.71626,144.99866
ID220001637,1/1 Nangana Rd,2,u,602000.0,3/06/2017,1.0,1.0,1166.0,18.0,-37.88674,145.07234
ID536959743,199 Poath Rd,2,h,910500.0,15/10/2016,1.0,2.0,313.0,99.0,-37.898,145.0759
ID689584643,22 Cullen St,2,h,782500.0,19/08/2017,1.0,1.0,243.0,19.0,-37.82859000000001,144.87947
ID908100497,33 Disraeli St,3,h,1440000.0,27/11/2016,1.0,1.0,298.0,119.0,-37.8021,145.0391
ID409905629,16 Davies St,2,h,793000.0,24/09/2016,1.0,1.0,144.0,24.0,-37.845,144.8873
ID250718882,129 Spring St,2,h,623500.0,22/08/2016,1.0,0.0,452.0,89.0,-37.7271,145.0009
ID962031287,50 Farmer St,3,h,1200000.0,9/09/2017,1.0,1.0,151.0,129.0,-37.8264,145.00935
ID267576663,1 McCarron Pde,4,h,1775000.0,12/06/2016,2.0,2.0,725.0,69.0,-37.7551,144.9047
ID740611359,2/126 Middle St,3,t,627000.0,3/06/2017,2.0,2.0,0.0,6.0,-37.70903,144.93995
